Actor,Rating_Actor
Murad Ali,3.545
Samrat,2.32
Hannah Spearritt,3.12
Mayank Tewari,3.82
Tejaswini Manogna,4.86
Dishank Arora,2.51
Sneha Ullal,2.69
Krishna Ghattamaneni,3.75
Seema Azmi,3.73
Nafisa Ali,3.2
Namdev Gurav,3.96
Anuradha,3.12
Nagesh Kukunoor,3.87
Anoop Chandran,1.99
Sakthi Chidambaram,3.35
Ratan Kumar,3.94
Rameshwari,3.635
Vibhawari Deshpande,4.2
Abir Insan,2.88
Mala Sinha,3.62
Naveen Krishna,4.44
Mohan Gokhale,3.54
Taapsee Pannu,3.665
Tota Roy Chowdhury,3.31
Priya Rajvansh,3.71
Amole Gupte,4.44
Parveen Kaur,3.68
Prashanth,2.935
Kamalika Chanda,2.98
Deepak Tijori,2.79
Balakrishnan Thevar,1.61
Aslam Khan,2.55
Tripti Dimri,3.87
Usha Bachani,2.74
Ravi Dubey,3.73
Avijit Dutt,1.66
Gautam Gupta,1.75
Mahender Nath,3.96
Chamak Chamkila,3.59
Babbu Mann,3.4
Ishrat Ali,2.8
Pernia Qureshi,2.84
Nitish Bharadwaj,2.74
Shaurya Chauhan,2.44
Jaspal Bhatti,3.96
Rajendra Kumar,3.52
Meera Chopra,2.41
Aditya Sharma,3.78
Chander Sharma,1.99
Tanmay Dhanania,2.08
Akhil Kapur,2.36
Kumar Neeraj,3.31
Sharifa,2.6
Chitram Basha,3.9850000000000003
Geetika Vidya Ohlyan,3.87
Shreyas Talpade,3.02
Jyoti Sharma,2.93
Anil v Kumar,2.46
Kahaan,4.15
Muhar Biswas,4.01
Suchitra Krishnamoorthi,2.585
Jayashree Basavaraj,3.87
Hussain Kuwajerwala,3.45
Dilip Mestry,3.4
Indrajith Sukumaran,3.285
A.K. Hangal,3.74
Arvind Kasera,2.18
Indrajeet Soni,2.32
Pratibha Sinha,2.46
Ting Leung,2.74
Murad,3.26
Nana Patekar,3.48
Neetu Chandra,3.49
Syed Pervez,4.25
Akshay Kaushal,4.48
Sabitha Perara,4.29
Nishant Dahiya,2.51
Vijay Kashyap,3.78
Faraaz Khan,2.38
Kirron Kher,3.385
Vinit Kanojia,4.44
Gabriela Bertante,2.18
Kriti Kharbanda,3.21
Garima Agarwal,3.16
Harisree Asokan,1.99
Mayur Kumar,2.13
Alisha Farrer,4.34
Pankaj Tripathi,3.33
Imran Ahmed Khan,2.98
Anurag Sinha,3.4
Armin Amiri,1.85
Naveen Kaushik,3.16
Rajiv Kapoor,3.05
Harish Khanna,4.2
Divya Dutta,3.09
Simran Ahemad,2.6
Sulakshana Pandit,3.15
Gagan Guru,3.21
Ameesha Patel,2.0749999999999997
Zain Khan,3.26
Kannanunni,4.72
Kiran Kumar,3.34
Sunny Singh,1.99
Sudhir Ahuja,3.78
Sushmita Mukherjee,4.2
Sahil Bhati,4.29
Jaya Seal,3.45
Prakash Jha,3.12
Dia Mirza,2.85
Mugdha Chaphekar,3.895
Y.V.S. Chowdary,4.01
Chandan Bisht,3.68
Anand Gandhi,4.39
Kunal Khemu,3.215
Madan Deodhar,4.06
Shantaram Rajaram Vankudre,4.04
Anuj Sawhney,2.76
Mrinalini Chatterjee,3.35
Devyani Cm,2.88
Shilpa Shetty Kundra,2.5
Sandali Sinha,1.94
Sunny Pawar,3.54
Malina Joshi,3.68
Vishal Desai,3.31
Avinash Arun,3.78
Chris Bisson,3.12
Saqib Saleem,3.0
Shruti Haasan,3.325
Swati Ghosh,3.35
Raghu Rai,3.49
Rahul Bagga,2.9699999999999998
Johnny Lever,2.6
Mahesh Balraj,2.51
Anju Bawra,4.53
Bijay Anand,2.65
Shakur Sir,2.46
Sunny Kaushal,3.42
Raman Trikha,1.71
Revathi,3.775
Sanjeev Kumar,3.63
Deepak,3.35
Aditi Sharma,2.88
Farhan Akhtar,3.77
Sophiya Chaudhary,2.22
Fawad Khan,3.49
Sumanth,2.69
Prateik,3.03
Pooja Bhattad,3.92
Anuj Sachdeva,2.55
Nalini Chonkar,3.21
Aishwarya Narkar,2.36
Piaa Bajpai,2.78
Sharbani Mukherji,3.26
Navneet Kaur Dhillon,3.42
Tom Alter,3.4699999999999998
Nishikant Dixit,3.21
Latif Faiziyev,3.35
Vijay Varma,3.92
Priya Gill,2.76
Habib Tanvir,4.11
Dina Pathak,3.4
Sahil Khan,2.74
Ravi Jhanghu,4.67
Rabia Amin,4.01
Rajesh Dubeay,3.26
Om Prakash,3.445
Biswarup Biswas,3.02
Sardar Akhtar,3.87
Kiara Advani,2.86
Aniket Vishwasrao,3.4
Armaan Shahabi,2.36
Mark Rylance,3.49
Kishore Anand Bhanushali,2.41
Peter Pedrero,2.74
Zarina Wahab,3.45
Kamal Sadanah,2.52
Vajid Ali,4.2
Jackky Bhagnani,2.67
Karthika,4.06
Ankur Vikal,3.285
Nishan Nanaiah,3.35
Murari Kumar,3.73
Gaurav Ajay Kaura,2.69
Shilpa Shukla,3.18
Sanjay Gupta,3.16
Sneha Arun,3.73
Sharbani Mukherjee,2.04
Amit Bhardwaj,4.29
Balraj Sahni,3.76
Liyaqat Bari,3.78
Vishal Chaturvedi,2.65
Akshay Kumar,3.1
Varun Bhagwat,3.35
Naseem Banu,3.49
A.S. Ravindra Babu,2.74
Surekha Sikri,3.99
Nemi Chand,2.6
Aindrita Ray,2.41
Anisa Butt,2.88
Ganesh Acharya,2.6500000000000004
Jitendra Kumar,3.495
Devaraj,3.54
Karan Sharma,3.82
Amrit,4.86
Niveditha,4.2
Samiksha Bhatnagar,3.585
Kamini Kaushal,3.835
Vikrant Massey,3.255
Fearless Nadia,2.98
Kumari Naaz,4.25
Tahir Raj Bhasin,3.92
Sunil Chourasiya,3.35
Arvind Kejriwal,4.58
Meghna Desai,1.28
Ravi Chauhan,3.21
Trimala Adhikari,3.12
Diana Penty,3.27
Ajay Chourey,3.355
Gurmeet Choudhary,2.35
Anjali Jathar,2.82
Jim Sarbh,4.035
Jisshu Sengupta,4.06
Preetika Chauhan,4.53
Avantika Akerkar,3.54
Rishma Malik,2.88
Amita Pathak,2.08
Tushar Jalota,2.18
Devesh Ranjan,4.15
Shammi Kapoor,3.645
Indraneil Sengupta,3.47
Mukesh Agrohari,2.46
Priyanka Mehta,3.68
Sanjana Sanghi,3.59
Tanaaz Currim Irani,2.41
Tina Desai,2.79
S.A. Chandrashekhar,2.88
Baby Ginni,3.92
Mohit Ahlawat,3.045
Jeet,3.44
Adil Hussain,3.5
Tannishtha Chatterjee,3.83
Tina Ambani,3.36
Vinay Anand,4.06
Anjali Pandey,4.53
Chandni,3.49
Vikrant Anand,2.04
Aditi Govitrikar,1.61
Manish Vatssalya,3.07
Sheila Ramani,3.92
Reema Lagoo,4.11
Nazneen Bhatia,3.4
Indrani Mukherjee,3.73
Abhishek Bachchan,3.165
Chandramohan,4.11
Prabhu Deva,2.675
Priya Annatram,3.68
Kumar Iyengar,2.65
Bhavana,3.12
Shreeram Lagoo,3.29
Digangana Suryavanshi,2.93
Sonali Kulkarni,3.6100000000000003
Kilam Amit,4.67
Pawan Kumar Sharma,2.79
Anand Abhyankar,3.45
Sonu Chourasia,3.12
Juni,2.18
Moin Khan,3.87
Pradeep Kumar,3.6
Allan Border,2.27
Sunidhi Chauhan,3.68
Zafar Dhillon,3.73
Anshuman Jha,3.3049999999999997
Amruta Subhash,3.64
Aishwarya Rai Bachchan,3.265
Sphadikam George,2.6
Mehtab,3.73
Abishek Anand,2.46
Tim Berrington,4.34
Sheela,4.11
Urvi Ashar,2.93
Rituparno Ghosh,3.26
Ramkishan Choyal,4.34
Armaan Sandhu,4.39
Manohar Elavarthi,3.45
Richa Chadha,3.0149999999999997
Ibra Khan,2.13
Nishant Lal,2.6
Baba Sehgal,2.53
Rajan Sippy,3.12
Samir Aftab,2.74
Disha Patani,2.04
Sharwanand,3.26
Rajesh Bhardwaj,2.98
Sohrab Ardeshir,3.18
Navinder Pal Singh,3.73
Himanshu Malik,3.105
Victor Banerjee,3.555
Upen Patel,1.56
Rajan P. Dev,2.6
Gurmeet Ram Rahim Singh,3.37
Roshni Chopra,2.84
Ettienne Couthino,3.64
Syna Anand,4.01
Amit Pachori,3.19
Mast Ali,3.755
Priyanshu Painyuli,4.06
Satish Kaushik,3.515
Vikas Bhalla,2.22
Ajith Kumar,2.67
Nora Fatehi,3.4699999999999998
Lakshmi,3.35
Ellora Patnaik,3.31
Om Shivpuri,3.68
Barkha Bisht,3.73
Rocky Verma,2.84
Aishwarya,4.05
Sadashiv Amrapurkar,2.945
Sohini Sarkar,4.06
Vijay Verma,3.4
Priyanka Sonawane Hedau,4.06
Begum Para,4.11
Mikhail Belinson,3.68
Kalpana Kartik,3.78
Barry John,3.9
Prashant Chianani,2.65
Boman Irani,3.175
Ravi Anand,2.27
Anupam Maanav,2.69
Dilip Dhawan,3.705
Ashima Bhalla,2.22
Shyam Bhimsaria,4.2
Mansi Multani,3.78
Emraan Hashmi,3.12
Soha Ali Khan,3.295
Allu Arjun,3.4
Moulina Midde,4.29
Swarup Dutt,3.87
Vineeta,3.07
Karan Kapadia,3.4
Jitender Bhargava,1.71
Ghulam Ali,4.67
Vanisri,3.96
Saurav Chakraborty,3.64
Aakash Kumar Sehdev,3.68
Ashwin Dhar,3.26
Javed Abedi,3.45
Raghuvaran,3.73
Ajit Banerjee,3.775
Arjun,2.81
Puru Chibber,3.64
Ferdous Ahmed,2.93
Sheen,3.4
Aishwarya Arjun,2.27
Sanjay Khanna,2.46
Rohit Kumar Sharma,2.84
Nargis,3.93
Tanuja,3.5300000000000002
Kumaar Aadarsh,2.67
Aatish Devgan,1.85
Manish,3.49
Ahsaas Channa,2.65
Amit Purohit,3.49
Shenaz Treasury,2.62
Nitesh Tiwari,4.01
Aditi Rao Hydari,2.7649999999999997
Sharmila Tagore,3.525
Anup Das,3.02
Ishwar Singh,2.69
Raj Nandini,4.06
Rachita Bhattacharya,3.21
Sabitha Anand,3.31
Anwar Hussain,2.84
Shalini Chandran,3.35
Rakesh Batra,3.59
Arshad Warsi,3.08
Lewis Tan,3.16
Silk Smitha,2.84
Avani Rai,3.49
Kanti Shah,2.98
Kumkum,3.38
Rajeshwari Sachdev,3.375
Roobie,3.78
Zeba Bakhtiar,3.1
Isaiah,2.435
Ragini,3.52
Sanjay Mitra,4.11
Mukesh Rishi,3.615
Kunal Kapoor,3.45
Kuldeep Chaturvedi,2.84
Sonali Khare,2.98
Prashantt Guptha,2.76
Chandan Kumar,2.98
Anil Dhawan,3.435
Karan Kapoor,3.31
Pranay Pachauri,3.26
Mohit Chadha,3.54
Ram Mohan,2.69
Isabelle Adjani,2.27
Sanya Malhotra,3.7649999999999997
Vyjayanthimala,3.73
Aashish Bhatt,3.59
Mani Kaul,3.64
Abhilash Narain,2.84
Vijay Arora,3.755
Bashir Baba,3.68
Dinyar Contractor,2.46
Eklavey Kashyap,3.68
Manu Gargi,2.695
Vijay Sharma,2.46
Ram Pothineni,2.93
Anna Salunke,3.64
Raja Bherwani,3.21
Bhaskarabatla Usha,3.16
Sooraj Pancholi,2.3
Ansh Bagri,3.92
Himansh Kohli,2.645
Aniruddh Dave,3.73
Amardeep Jha,3.68
Sushil Kumar,4.44
Heramb Tripathi,2.65
Abhinav Goyal,4.01
Sudesh Berry,2.81
Shashikala,3.4
Tillotama Shome,4.025
Manav Vij,3.68
Richa Pallod,2.88
Suraiya,3.75
Asha Devi,4.34
Mannat Ravi,2.98
N.T. Rama Rao Jr.,3.68
Sourabh Arora,4.01
Trisha Krishnan,3.4050000000000002
Robin Sikarwar,3.16
Deepshikha Nagpal,2.69
Neena Gupta,3.635
Ashok Kumar,3.565
Akhil,2.88
Rishi Verma,3.68
Mohit Arora,2.55
Annapoorna,3.1550000000000002
Smita Malhotra,4.15
Audrie Woodhouse,2.46
Michalina Olszanska,2.6
Farogh Jafri,4.25
Paoli Dam,3.215
Kunaal Roy Kapur,3.11
R. Kannan,2.79
Aarav Mavi,4.53
Mastan Alibhai Burmawalla,3.2
Monalisa,2.74
Natasha Doshi,2.08
Joemon Joshy,2.98
Ananth Narayan Mahadevan,3.47
Adeel Chaudhry,3.64
Leeza Mangaldas,3.59
Suzzana Mukherjee,3.64
Vishnu Manchu,4.2
Ali,2.92
Apoorva Arora,3.92
Aryan Vaid,2.65
Vikas Anand,2.825
Vishvendra Singh,3.45
Kulraj Randhawa,2.41
Prachi Save,3.82
Raj Nidimoru,3.57
Soumi Saha,4.67
Kavitha,2.79
Gaurav Paswala,2.46
Yami Gautam,3.24
Rahul Pendkalkar,2.55
Rami Reddy,4.01
Raushan Jha,3.96
Ramya Krishnan,3.955
Govind Namdeo,2.46
Vipul Gupta,1.66
Tanushree Dutta,2.35
Sumit Nijhawan,3.0
Sonakshi Sinha,2.89
Natalia Kapchuk,2.22
Aparshakti Khurana,3.45
Avtar Singh Ahluwalia,2.74
Priyamani,2.88
Karanvir Bohra,2.27
Nameeta Chandra,4.06
Twinkle Khanna,2.67
Raj Ballav Koirala,3.68
Adamya,3.26
Sara Loren,2.34
Mushtaq Khan,2.36
Veer Arya,1.42
Sridevi,3.275
Sippy Gill,3.49
Sandeep Bhardwaj,3.64
Trishala Idnani,4.58
Mangesh Borgaonkar,3.4
Habib Azmi,3.68
Siddharth Gupta,2.98
Kader Khan,2.6
Mamta Kulkarni,3.105
Raqesh Bapat,3.31
Sharad S. Kapoor,2.9450000000000003
Varsha Usgaonkar,2.76
Karwarkar Bhavika,3.68
Ekavali Khanna,3.45
Amol Palekar,3.7249999999999996
Shreedevi Chowdary,3.68
Dinesh Hingoo,2.9
Shardul Bharadwaj,3.96
Chetanya Adib,2.74
Virendra Giri,3.35
Aaloka,2.93
Deep Dhillon,3.21
Mithila Palkar,3.54
Usha Chavan,3.54
Jagadish,3.45
Annu Kapoor,3.125
Bidita Bag,3.135
Mukesh Hariawala,3.54
Master Bhagwan,3.0549999999999997
Nargis Bagheri,2.755
Zaheer Iqbal,3.73
Ali Murad,3.92
Dimple Chauhan,4.86
Nazia Hussain,2.93
Rohit Kokate,3.31
Yo Yo Honey Singh,2.04
Jiah Khan,3.02
Nagma,3.23
Imran,2.6
Rupak Ginn,4.01
Meera Chaudhary,3.64
Deepika Padukone,3.36
Pratima Devi,3.45
Jagat Singh Jakhar,4.39
Hugh Bonneville,3.64
Nicolos Kostopoulos,4.06
Shafi Inamdar,2.79
Karim Hajee,3.26
Rajeev Dassani,2.69
Azghar,2.55
Roopa Ganguly,2.69
Sarvar Ahuja,2.88
Tanvi Jain,3.87
Raja Bundela,3.59
Nakuul Mehta,2.08
Rima Mishra,3.82
Ruma Guha Thakurta,4.06
Nirmal Pandey,3.8600000000000003
Kiran Janjani,2.235
Samudra V.,3.4
Siddharth Gupt,3.54
Kumud Chuggani,2.55
Kajal Aggarwal,3.175
Prakash Bare,3.78
Amit Suryavanshi,2.18
Sonia,4.01
Subrat Dutta,3.84
Akshay Kapoor,2.74
Arindita Kalita,3.68
Rimjhim Gupta,3.49
Navin Nischol,3.555
Taher Shabbir,3.02
Ajit Sinha,3.31
Varsha Agnihotri,3.16
Lalit Behl,3.82
Chiranjeevi,3.715
Nidhi Sunil,2.84
Seema Deo,3.8200000000000003
Aryeman Ramsay,2.58
Harsha Mehra,2.51
Ranvir Shorey,3.495
Lauren Spartano,4.2
Baby Rani,3.64
Shruti Ulfat,3.49
Puneet Chouksey,4.86
Bunty Behl,2.98
Rahul Dev,3.2199999999999998
Naresh Gosain,2.84
Chandrima Banerjee,2.55
Jividha Sharma,2.51
Madhu Shalini,1.66
Chirag Malhotra,3.26
Ranjana,4.11
Ananya Panday,1.54
Masti Ali,3.68
M.K. Radha,3.73
Ranveer Singh,3.2800000000000002
Nishant Malkani,2.46
Amala Akkineni,3.61
Sauraseni Maitra,3.82
Saajan Kataria,4.48
Baby Sonu,4.15
Katrina Kaif,3.19
Upasna Singh,2.65
Javed Jaffrey,3.115
Irfan Khan,4.01
Marc Zuber,3.505
Moushumi Chatterjee,3.705
Kuriakose Oonnittan,3.59
Danny Denzongpa,3.565
Todd Howard,2.08
Farhad Ahmed Dehlvi,4.53
Gauahar Khan,2.69
Shibana Dutta,4.29
Karan Arora,3.96
Virender Razdan,2.36
Coral Bhamra,3.45
Parineeti Chopra,2.9400000000000004
Manjula,2.98
Sanjay Khan,3.5149999999999997
Deepak Parashar,2.67
Munish Khan,3.54
P.L. Santoshi,3.82
Hashmat Khan,2.88
Sachin Nayak,3.59
Nancy Brunetta,3.02
Arti Rautela,3.49
Syed Firdaus,3.87
Madhav Kale,4.25
Bhagyashree,3.255
Rishi Kapoor,3.34
Shahid Kapoor,3.01
Florian Lukas,3.82
Simi Garewal,3.395
Brij Gopal,3.78
Shahana Goswami,3.38
Dolly Ahluwalia,3.31
Vaidya Narayan Murthy,4.06
Sam Nagar,2.625
Ashwani,3.92
Sakshi Shivanand,2.6
Ali Fazal,2.855
Kayoze Irani,3.64
Motilal,3.84
Shivam Patil,1.99
Talat Jani,2.04
Anirban Bhattacharya,4.15
Upendra Limaye,3.19
Malavika Mohanan,3.78
Vaibhav Jhalani,2.65
Shaheen,3.4
Bhavana Bhatt,3.07
Harbans Darshan M. Arora,2.93
Sushant Singh Rajput,3.62
Mittal Chouhan,3.68
Jatin Grewal,2.35
Hrithik Roshan,3.34
Linda Arsenio,2.74
Mohan Bhandari,4.06
Sheila Naidu,3.21
Ansh Gupta,2.84
Shriya Sharma,4.105
Mukesh S. Bhatt,3.68
Neha Chauhan,4.39
Rajeev Verma,2.51
Shwetha Gupta,4.34
Swaroop Sampat,3.96
Shweta,3.94
Mahima Gupta,4.01
Mayur Mahendra Patole,4.06
Neil Bhoopalam,3.66
Abhinayasri,2.51
Khushi Hajare,3.68
Shravani Abhang,4.25
Kumar Gaurav,3.275
Karen Elliot,3.26
Mukul Dev,2.72
Rajni Sharma,3.73
Ratnabali Bhattacharjee,3.45
Giri Babu,3.31
Meher Vij,3.8
Anita,2.51
Akash Adhikari,4.06
Andrew Shaver,3.12
Meghana Mudiyam,4.11
Abhijeet Bagalkote,3.02
Sameer Gupta,3.49
Sushama Deshpande,3.73
Majnu,3.49
Deepak S. Shivdasani,2.69
Haidar Ali,1.89
Ashok Insan,3.64
Mohit Madaan,2.93
Monica Dogra,3.78
Ntasha Bhardwaj,3.21
Isabelle Kaif,1.33
Sushant Singh,3.665
Pankaj Johar,4.2
Mohit Marwah,2.69
Nidhi Subbaiah,2.46
Gurdeep Singh,3.73
Vidya Malvade,3.61
Ankit Desai,3.78
Swati Kapoor,3.02
Shakirul Alam,4.01
Esha Gupta,1.71
Ruby Ahmed,2.18
Vikram Chopra,2.04
Rahul Singh,2.835
Rajesh Tailang,3.895
Luke Kenny,2.13
Ashwath Bhatt,4.29
Piyali Munshi,2.65
Urvashi Rautela,2.5700000000000003
Agha,3.4
Pawan Tiwari,3.54
Kamran,1.8
Anuj Tyagi,4.2
Manish Chaudhary,2.22
M.V. Narayana Rao,3.92
Shubh Mukherjee,2.79
Parveen Babi,3.58
Deepa Sahi,3.17
Swapnesh Sawant,3.82
Sooraj Balaji,1.94
Simer Motiani,3.07
Soundarya,3.14
Hercules,3.73
Rajesh Bakshi,2.34
Indra Kumar,2.04
Sathyan,4.11
Shinnosuke Yakuwa,3.68
Vats Amit,2.51
Raja Chaudhary,3.62
Krishna Bhatt,2.76
Patthabi Jois,3.64
Rannvijay Singh,3.54
Puneet Singh Ratn,3.26
Prabhas,2.04
Nikita Dutta,3.35
I.S. Johar,3.6100000000000003
O.P. Ralhan,3.82
Anita Kanwar,3.955
Arjun Rampal,3.005
Pakija Begam,3.68
Puru Rajkumar,2.2800000000000002
Anuraag,3.07
Samarth Sonawane,4.58
Vineet Kumar Singh,4.15
Shraddha Kapoor,3.065
Shilpa Shirodkar,2.76
Rajni Katiyar,4.06
Anusha Bose,3.45
Karishma Kotak,3.51
Sonu Nigam,2.51
Saroj Bhargava,1.85
Kimi Katkar,2.665
Ayub M. Khan,2.22
Neha Dhupia,2.89
Ashok Awasthi,2.65
Indira Bansal,2.93
Uppekha Jain,3.21
Khurshid Begum,4.01
Rakesh Khanna,3.54
Suresh,3.54
Sunny Banerjee,3.26
Surendra Kumar,3.35
Mohsin Khan,2.81
Lucky Ali,3.04
Naveed Akhtar,3.4
Gurpreet Kaur Chadha,3.33
Usha Sharma,4.39
Zeenat Aman,3.51
Tina Rana,3.16
Shubha Khote,4.25
Arjun Sarja,3.425
Parvathy Omanakuttan,2.94
Lorena Franco,2.6
Aban Raza,3.12
Gulzar,3.78
Vimal Bhagat,3.78
Manish Nawani,3.4
Dasharth,3.82
Bipin Gupta,1.8
Jayam Ravi,3.02
Fardeen Khan,2.655
Shivaleeka Oberoi,4.11
Arsh Deol,2.6
Pradeep Singh,3.92
Prithviraj,2.36
Sunny Deol,2.88
Karan Singh Grover,3.0700000000000003
Pavitra Mattoo,3.59
Avinash Dhyani,2.98
Gitanjali,3.49
Raghuvir Yadav,3.585
Biswanath Basu,3.02
Smita Gondkar,3.92
Somy Ali,3.005
Darshan Jariwala,3.66
Pran,3.63
Shah Rukh Khan,3.535
Pahadi Sanyal,3.78
Dilip Prabhavalkar,3.24
Sajeel Parakh,3.4
Bramhaswaroop Mishra,4.06
Mohinder Gujral,3.22
Mangal Dhillon,3.59
Suhaas Ahuja,3.07
Swarda Thigle,4.01
Nasir Khan,3.47
Sharman Joshi,2.785
Shahbaz Khan,4.58
Salim Diwan,3.31
Bindu Shukla,1.75
Sunny Gill,2.6
Kumud Mishra,3.545
Sajal Ali,3.92
Sayaji Shinde,3.16
Parzaan Dastur,3.49
Maya Alagh,3.02
J.P. Chandrababu,3.59
Sharib Hashmi,3.7199999999999998
Avinash Tiwary,3.87
Jesse Metcalfe,3.4
Nanda,3.67
Shagufta Ali,2.58
Sheela Rawat,4.29
Sudip Mukherjee,3.12
Arjan Bajwa,3.165
Iris Maity,3.19
Sajin Saleem,2.88
Jhuma Biswas,2.79
Sonal Chauhan,3.73
Adarsh Gourav,3.82
Gita Adhikari,3.82
Harman Baweja,2.82
Vishal Arya,4.39
Mithilesh Chaturvedi,3.1450000000000005
Aruna Raje,3.75
Prince Adhikari,3.02
Ranjit Kapoor,2.93
Rohit Krishnakant Nayyar,2.55
Indrapal Ahuja,3.26
Prince Singh,4.44
Priyanka Chopra Jonas,3.0549999999999997
Priya Bathija,3.54
Vinay Forrt,3.12
Sunil Tiwari,2.36
Karan Johar,3.21
Ehan Bhat,3.96
Catherine Fallows,3.64
Umesh Mehra,3.3049999999999997
Urmila Matondkar,3.105
M. Ismail,3.78
Saahil Chadha,2.62
Aziz,3.92
Sumalatha,2.74
Rahuul Aamath,3.68
Ashok Chaudhary,4.06
Ram Gopal Varma,3.26
Kalipada Chakraborty,3.92
Subodh Maskara,3.87
Mohan Kapur,3.54
Salim Abubaker,3.4
Vatsal Sheth,2.885
Jiiva,2.13
Jigna Bhardwaj,3.26
Don McKellar,3.02
Suruchi Aulakh,2.18
Simon Frenay,2.51
Gaurav Bajaj,3.02
Noni Ganguly,4.01
Koel Purie,3.26
Saif Ali Khan,3.145
Gagan Singh Sethi,3.45
Aarti S. Bagdi,4.81
Milind Gunaji,3.265
Harsh Dubey,3.02
Uma Anand,3.68
Chandra Mohan,3.45
Shubhi Ahuja,2.22
Benjamin Gilani,3.47
Ali Khan,1.94
Monis Khan,4.72
Mamhoud Chokrollahi,3.31
Faisal Khan,3.2800000000000002
Ayesha Takia,3.495
Banita Sandhu,4.01
Bhavana Singh Chauhan,3.16
Mamta Mohandas,3.28
Farhad Samji,2.72
Alekh Sangal,3.64
Payal Rohatgi,2.3899999999999997
Samita Bangargi,3.64
Chetanya Adeep,1.99
Abhiyan Rajhans,3.21
Mohammad Chacha,4.34
Christopher Coelho,4.11
Avinash Baviskar,2.93
Kanika Verma,3.78
Chinnijayanth,3.59
Suzanna Mukherjee,2.13
Sunil Shetty,2.73
Makrand Deshpande,3.65
Raai Laxmi,2.9
Jamuna,3.46
Ravi Tandon,3.4
Saurabh Choudhary,2.27
Vinay Apte,3.26
Poonam Kaur,2.22
Pooja Hegde,3.16
Vinay Rai,2.04
Jana Sue Memel,2.51
Patralekhaa Paul,3.385
Radhika Apte,3.5700000000000003
Barun Sobti,3.56
Sameera Reddy,3.06
Omar Abdullah,3.68
Vivaan Shah,3.4699999999999998
Mondeep Basumatary,4.25
Pawan Kalyan,3.26
Kajal Solanki,3.96
Vaani Kapoor,2.32
Neetu Singh,3.43
Ayesha Jhulka,2.6799999999999997
Kashmira Shah,2.685
Mymoona Al Baluchi,2.51
Vishal,3.06
Shalini,3.45
Abhishek Chitlangia,3.68
Suhasini Mulay,4.01
Poonam Bajwa,2.08
Sylvester Stallone,2.32
Madhu Chakravarty,3.87
Devika Rani,3.54
Himesh Reshammiya,1.81
Sorabh Chauhan,3.68
Kartik Elangovan,3.12
Talat Mahmood,3.31
Zackie Achmat,4.11
Lena Christensen,2.65
Jayant Kripalani,3.8899999999999997
Kangana Ranaut,3.165
Raj Vasudeva,2.65
Sanjana Tiwari,2.98
Naveen Kasturia,3.82
Cecilia,4.2
Rishi Bhutani,3.1799999999999997
Anaitha Nair,3.82
Rinke Khanna,2.74
Alka Amin,2.74
Rehaan Engineer,3.26
Prem Nath,3.555
Sahil Anand,3.64
Riddhi Sen,3.12
Santosh Barmola,2.65
Abhimanyu Dasani,3.96
Swanand Kirkire,2.88
T.K. Desai,3.45
Ira Dubey,2.9050000000000002
Ilene Hamann,2.93
Sanghavi,3.73
Pooja,3.35
Abhay Bhargava,2.98
Naman Jain,3.4
Mink Singh,3.12
Mischa Barton,3.87
Harkiran Kaur Wraich,4.58
Raghav Rishi,3.82
Ali Haji,3.21
Madalsa Sharma,3.4
Sumeet Goradia,2.55
Sanjay Sharma,3.05
Akkineni Nageshwara Rao,3.82
Arvind,4.01
Mohit Das,3.35
Vineeth,3.12
Nigar Sultana,3.49
Shabana,3.73
Richard Harris,1.24
Barun Chakraborty,4.06
Pooja Bedi,2.46
Yuvraj Haral,2.84
Avantika,2.22
Kartika Rane,3.49
Giovanna Mezzogiorno,3.45
Anurag Jha,3.09
Juhaina Ahsan,3.64
Napolean,3.68
Ridhima Sud,3.59
Sahil Mehta,2.98
Zaheeda,3.73
Edie Mirman,3.68
A. Muthu,2.04
Satyanshu Singh,4.15
Durgadas Bannerjee,3.78
Poornima Jayaram,3.35
Glenn,1.75
Nikki Galrani,3.59
K.L. Saigal,3.71
William Cully Allen,3.49
Rakesh Pandey,3.8
Kanchan Adhikari,3.54
Akshay Anand,2.505
Shahib Chopra,2.93
Shubham Kumar Singh,3.92
Shubhradeep Chakravorty,3.64
Rishi Rehan,2.22
Jayasudha,4.01
Jyotika,3.5650000000000004
Rajesh Sethi,2.65
Zeeshan Khan,3.26
Saksham Dayma,3.68
Catherine Tresa,2.98
Surveen Chawla,3.16
Yugesh Anil,3.12
Surendra,3.6950000000000003
M. Madhusudhana Rao,3.21
Anil Chouhan,3.02
Pawan Kalra,4.53
Ravi Khanvilkar,4.01
Pooja Kumar,4.29
Rajshri Nair,3.87
Satyajeet Dubey,2.76
Vrajesh Hirjee,2.79
Neel Bakshi,3.73
Ayesha Shroff,3.35
Archana Kotwal,2.04
Hina Khan,2.625
Manu Rishi Chadha,3.12
Sombhu Mitra,4.34
Ambika,2.87
Sheena Chohan,2.55
Aradhya Taing,2.88
Yuvika Chaudhary,2.34
Parshwanath Yeshwant Altekar,4.39
Adrianne Palicki,3.31
Ahmed Chaudhary,2.32
Sidharth Malhotra,3.135
Gurdas Maan,3.07
Vijayachander,4.11
Naman Bhati,4.48
Narottam Bain,4.62
Iqbalnath Kaul,3.73
Meenakshi Sheshadri,3.3449999999999998
Sapna Sappu,2.6799999999999997
Yogesh Raj Mishra,2.88
Divya Rana,2.55
Basant Josalkar,3.87
Anushka Shetty,2.74
Geetanjali Thapa,3.9000000000000004
Pooja Bisht,2.74
Ruslaan Mumtaz,3.355
Seema Bilong,3.35
Kaifi Azmi,3.78
Steven a Dsouza,3.82
Shilpa Anand,3.28
Prem Adib,3.87
Urmila Bhatt,3.365
Jafar Abbas,3.54
Arman Khan Achakzai,2.46
Kapil Arya,1.75
Kulbir Badesron,3.96
Aakash Dahiya,3.87
Isha Sharvani,2.46
Ajitesh Bannerjee,4.2
Badshah,2.36
Kapil Sharma,2.855
Laj Badlani,4.86
Jayanthi,2.98
Amit Deondi,3.31
Armie Hammer,4.06
Sheena Shahabadi,3.4
Amit Behl,3.02
Alia Bhatt,3.21
Aashish Kaul,2.18
Zoya Hussain,3.92
Ain Rasheed Khan,4.29
Aditi,3.73
Apoorva Lakhia,3.16
Rakesh Bedi,2.96
Shoma Anand,3.1950000000000003
Tarun Arora,3.01
Shree Ghatak,3.54
Sarita Joshi,4.035
Mirza,3.92
Sachiin Joshi,2.77
Aisha Ahmed,3.73
Vidyut Jammwal,3.32
Priyanka Bose,2.87
K. Raghavendra Rao,3.64
Sanoj R. Mishra,3.67
Vinod Mehra,3.45
Mehar Mittal,4.67
Manoj Pahwa,4.06
Mohan Avanthika,2.04
Anjali Abrol,2.22
Rajkumar,4.29
Vyjayanti Chavan,3.92
Vibha Chhibber,4.2
Imran Khan,3.1550000000000002
Gurleen Chopra,2.6
Bijoy Dey,4.01
C.S. Dubey,3.21
Vedita Pratap Singh,1.75
Gulshan Devaiah,3.375
Alok Chaturvedi,3.82
Gopi Desai,3.82
Abigail Eames,3.4
Vikrishnah Batt,3.59
Tariq,3.87
Karishma Sharma,2.27
Nitin Arora,2.74
Indu Prasad,3.92
Naved Aslam,3.64
Asha Sachdev,3.16
Dolly,2.18
Leena Kapoor,2.13
Vishwesh Krishnamoorthy,3.16
Fariduddin Dagar,4.15
Y.G. Mahendran,3.45
Akbar Khan,2.79
Pratik Katare,2.79
Aashi Rawal,3.49
Bharat Bhushan,3.485
Swara Bhaskar,3.035
Anjan Srivastav,3.54
Angira Dhar,3.87
Rajesh Sabharwal,3.35
Saharsh Kumar Shukla,3.96
Prakash Kovelamudi,3.64
J. Sreeniwas Rao,2.6
Asit Kumar Sen,3.87
Candice Boucher,2.55
Imaaduddin Shah,3.8499999999999996
Meghan Jadhav,3.2800000000000002
Lalit Tiwari,3.59
Viveka Babajee,2.27
Rajkumar Kanojia,2.74
Bhisham Sahni,3.82
Shona Chabra,2.46
Nilofer Khan,2.32
Raman Atre,3.59
B.K.S. Iyengar,3.64
Mantra,3.21
Saeed Akhtar Mirza,3.64
Sanket Dhawan,3.45
Arpita Banerjee,4.67
Fatima Sana Shaikh,3.26
Sonu Sood,2.715
Swetanshu Bora,3.26
Siddharth Bhardwaj,3.4
Aishwarya Devan,3.04
Karan Ashar,3.24
Kabir Sajid,3.45
Pawan Waval,4.53
Sarath Babu,3.12
Shashank Khaitan,3.64
P.P. Bajaj,4.76
Akshay Oberoi,3.37
Anita Hassanandani Reddy,2.62
Azb Dahal,2.93
Kamini Bhatia,2.93
Desh Mukherjee,2.32
Asheem Chakravarty,4.67
Ajay Naidu,3.78
Brendra N. Gochhikar,4.2
Tara-Alisha Berry,3.01
Rajvirr Singh,3.4
Ranga Rao Kurra,3.78
Barkha Madan,3.5
Mahesh Manjrekar,2.9050000000000002
Prateek Pachauri,3.68
Rajendra Gupta,4.15
Shikha Malhotra,3.92
Jyoti Dogra,3.35
Sanjay Mishra,3.5
Imran Rasheed,3.68
Kuntaa Nikkil,3.87
Mukesh Khanna,2.5549999999999997
Kritika Kamra,3.73
Shakeel Bharati,4.25
Ashish Kattar,3.21
Boloram Das,3.68
Raj Singh Arora,3.02
Arjun Kapoor,2.875
Shashank Arora,3.585
Mudasir Zafar,3.49
Sangam Shukla,4.86
Arman Kohli,2.3449999999999998
Saayli Buva,2.18
Tanu Bhardwaj,4.34
Mikhail Gandhi,4.53
Bismillah Khan,4.29
Shyam Kumar,3.54
Lillete Dubey,3.21
Diveyaa Dwivedi,3.54
Chetan Sharma,3.96
Robin Das,4.11
Dayal Nihalani,3.82
Prem Krishan,3.78
Bharath Srinivasan,1.8
Anand Sami,3.64
Akhil Gautam,4.2
Jay Bhanushali,2.55
Ambika Kamal,3.4
Jayalalitha J,3.82
Prakash Mehra,3.64
Natalia Janoszek,2.98
Madiha Imam,3.21
Neelima Azim,3.54
Nandita Das,3.575
Chitrashi Rawat,3.96
Paresh Ganatra,2.98
Nayanthara,2.98
Saadhika,3.12
Vikram Gokhale,3.12
Savita Bajaj,3.78
Maggie Smith,3.59
Aamna Sharif,3.04
Josh Hartnett,2.65
Natasha Majhi,2.98
Gopi Krishna,3.54
Meezaan Jafri,3.31
Ali Larter,2.74
Kartik Aaryan,2.9699999999999998
Sajid Ali,4.25
Aarti Chhabria,2.86
Rajkummar Rao,3.5949999999999998
Meghna Kothari,1.28
Jennifer Kendal,4.01
Tinnu Anand,2.71
Nandini,3.04
Anita Raj,2.98
Swini Khara,2.04
Rajiv Goswami,2.37
Jasmin,3.59
Madhavan,3.575
Tim Lawrence,3.35
Bharti Achrekar,2.88
Radharani,3.35
Manek Bedi,2.27
Dhanraj Kadam,3.68
Pallavi Joshi,3.92
Sudha Chandran,3.705
Sadhu Meher,4.25
Tinku,3.45
Mia Malkova,1.42
Mohammad Samad,3.92
Samar Chatterjee,4.34
Sugandha Garg,3.36
Abhishek Kapoor,2.44
K. Yogi,2.79
Malavikka,2.41
Mikaal,3.21
Nidhhi Agerwal,2.04
Pierce Brosnan,3.35
Sajid Khan,3.115
Saeed Jaffrey,3.575
Manoj Joshi,2.9050000000000002
Babita Ashiwal,4.39
Irrfan Khan,3.545
Kirsty Averton,4.34
Praveen Kumar,3.54
Roja,3.61
Sachin Khedekar,3.73
Soumitra Chatterjee,3.92
Sreelekha Mitra,3.12
Mohnish Nawani,2.98
Amar Dutta,4.34
Tanuj Virwani,2.82
Adi Chugh,3.35
Sumeet Vyas,3.375
Meenakshi Dixit,2.32
Kamal Adib,3.02
Aayush Shah,2.55
Mukesh Tiwari,3.26
Deepika Amin,4.06
Jaya Prada,3.15
Vivek Sudershan,1.47
Raju Singh,3.73
Ali Zafar,2.865
Kristin Kreuk,2.22
Pranoti Ghosh,3.68
Vivek Mushran,2.875
Shankar,3.78
Sima Taparia,3.73
Kainaz Motivala,3.025
Nicole Kidman,4.25
Raayo S. Bakhirta,2.92
Vikaas Kalantari,3.02
Raj Singh Jhinger,3.87
Achala Sachdev,3.68
Ankita,2.55
Shivarajkumar,3.92
Sohrab Modi,3.8
Deepraj Rana,2.13
Desh Gautam,3.87
Antara Mali,2.885
Raymon Singh,1.71
Deepal Shaw,3.54
Bina,3.49
Gouri Mahato,4.34
Sagar Bhangade,3.35
Zameer Ashai,3.64
Jackie Shroff,2.88
Sonu Walia,2.74
Mantra Mugdh,3.02
Rahul Khanna,2.93
Saveree Gaur,4.15
Amitkumar Sharma,3.07
Joe Anderson,3.4
Nimrat Kaur,4.2
Priyadarshini,3.16
Amitoj Mann,3.4
Aruna Irani,3.55
Bruce Parry,3.96
Anurag Kashyap,3.34
Lakha Lakhwinder Singh,3.21
Simran Sharma,3.16
Rama Vij,4.29
Karisma Kapoor,2.585
Raghu Babu,4.76
Madhubala,3.8
Ranjeet,3.64
Master Shubham Bajrange,3.02
Shadaab Khan,2.22
Ujjwal Rana,3.26
Venkatesh Daggubati,2.935
Govinda,2.81
Sunil Pal,2.65
Hrishitaa Bhatt,2.6950000000000003
Mridula Baruah,1.75
Israil Khan,2.41
Camilla Belle,3.16
Gillian Anderson,3.685
Adil Feroz Khan,2.79
Vishwa Bhanu,4.86
Chaitanya Bhosle,2.65
Mahrukh Mirza,3.42
Karan Shah,2.55
Pooja Chopra,2.08
Vijay Maurya,3.755
Navjot Hansra,3.78
Chirag Thakkar,3.31
Karan Razdan,2.79
Mohammad Amir Naji,3.49
Sameer Dharmadhikari,2.625
Bhanu Bannerjee,4.2
Vivek Kumar,3.16
Deepti Naval,3.525
Divya Bharti,3.0149999999999997
Sameer Aftab,2.93
Raaj Singh Arora,3.82
Sarah Wayne Callies,2.98
Aziz Naser,3.59
Zafar Karachiwala,2.69
Vicky Ahuja,2.6
Ravali,2.46
Koena Mitra,3.16
Tanvi Verma,2.69
Priyanka Arya,3.1
Mukkund Shukla,3.4
Tina Mazumdar,2.18
Hansika Motwani,2.575
Monali Thakur,4.2
Kavin Dave,3.05
Sadia Khateeb,2.27
Lezlie Tripathy,3.59
Neha Mahajan,2.98
Musta Ali,3.68
S. Ramanathan,3.68
Shaurya Singh,3.68
David Abraham,3.8
Amal Farooque,3.82
Priyanka Kothari,2.04
Lukram Smil,3.07
Shantanu Ray Chhibber,2.44
Garima Insan,2.88
Simran Kaur Mundi,3.06
Rigzin Dolkar,3.59
Habib Al Aidroos,3.33
Shraddha Das,2.13
Saba Qamar,4.2
Ihana Dhillon,3.49
Ravindra Sahu,3.35
Manish Paul,2.545
Raj Tara,2.65
Kirshan Kumar,1.56
Saba Azad,3.73
Vikram,3.4299999999999997
K. Balaji,4.01
Vaishnavi Patwardhan,2.51
Aham Sharma,3.54
Prerika Arora,2.88
Karanvir Sharma,3.18
Nisar Ahmad Ansari,3.64
Bindiya,3.45
Nitin Bali,3.16
Payal Kaashyap,3.54
Aditya,3.4
Bharathi,3.73
Ragini Khanna,3.07
Tamannaah Bhatia,2.0
Karann Nathh,2.4250000000000003
Sanjay Dutt,2.8899999999999997
Parikshit Sahni,3.82
Anil Reji,3.45
Esha Deol,2.49
Amrita Rao,3.04
Vijay Mahar,4.86
Anjan Dutt,3.4
Monal Gajjar,4.06
Leera Kaljai,3.45
Akshat Jain,4.44
Flora Saini,2.62
Saroja Devi B.,3.8600000000000003
Srivinay Salian,2.69
Hetal Gada,4.2
Karthik,3.21
Alismita Goswami,3.02
Tanima Bhattacharya,3.96
Rita Bhatia,4.15
Auroshika Dey,1.75
Rocky Bhatia,2.55
Anil George,3.54
Arsh Sandhu,4.25
Ayushmann Khurrana,3.625
Kader Kashmiri,3.21
Suriya,4.76
Shivaji Ganesan,3.73
Vivek Oberoi,2.865
Ashutosh Rana,3.0999999999999996
Bilal Amrohi,2.04
Nimmi,3.55
Raveena Tandon,2.885
Apeksha Bhat,3.82
Pooja Kasekar,3.35
Girish Karnad,3.705
Aditya Roy Kapoor,3.32
Kamal Rashid Khan,1.14
Aga Jaan,4.06
Deb Mukherjee,3.64
Tia Bhatia,3.02
Vijay Aidasani,3.59
Deepak Bandhu,3.4
Aditi Sudhir Pohankar,3.68
Vadivelu,1.94
Tia Bajpai,3.125
Harish,3.005
Satish Alekar,3.78
Prithvi,3.16
Isha Keskar,3.4
Chandrakant,4.39
Shawar Ali,2.38
Kundan Bhardwaj,2.55
Tahira Kochhar,2.51
Anju Kurian,3.02
Lehar Khan,3.82
Ashmit Patel,2.355
Saswata Chatterjee,4.11
Ashish Bisht,2.51
Taneea Rajawat,3.96
Prashant Chaubey,4.86
Agast Anand,2.13
Sunny Wayne,4.11
Sharat Saxena,3.03
Nassar,3.5
Hamid Farokhnezhad,1.71
Abhinay Banker,4.29
Charlie,3.31
Bhanupriya,3.065
Prem Chopra,2.63
Sachin Tendulkar,4.53
Karhan Dev,3.68
Anmol Dhillon,2.6
Sangeeta Bijlani,3.2350000000000003
Binayak Das,2.93
Meera Jasmine,2.83
Trivikram Mattoo,4.2
Rambha,3.12
Prabhakar,4.44
Alok Nath,4.22
Sadhana,3.815
Yashpal Sharma,3.7199999999999998
Ajit,3.425
Anjum Nayar,2.65
Atif Rashid,4.11
Vishay Waghela,3.54
Abbas,2.9
Sara Foster,3.4
Bashir Qawal,3.87
Samir Soni,3.07
Pankaj Dheer,3.4699999999999998
Mukesh Ahuja,3.68
Shashank Singh,3.68
Krishna Abhishek,2.93
Sabyasachi Chakrabarty,3.1
Sameer Deshpande,4.2
Samrat Mukherjee,2.27
Siddharth Chandekar,3.73
Anant Nag,3.81
Nalini Jaywant,3.6500000000000004
Saikumar,4.15
Perizaad Zorabian,3.16
Mugdha Godse,2.575
Madhoo,3.0
Madan Lal,4.25
Freida Pinto,3.31
Shahrukh Mirza,3.42
Harshvardhan Kapoor,3.35
Dhruva Padmakumar,4.29
Madhuri Dixit,3.245
Kasam Ali,2.9
Abhay Joshi,4.11
Mohanlal,3.2800000000000002
Shalini Mohan,3.59
Abhishek Bharate,3.96
Manivannan,2.62
Shatrughan Sinha,3.035
Mahesh Sharma,3.16
Baby Vijaya,3.21
Paakhi A. Tyrewala,3.35
Adhyayan Suman,2.995
Sikandar Agarwal,3.31
Ishita Chauhan,2.98
Babu Antony,2.88
Ahmed Faisal Inam,2.69
Balwant Dullat,3.26
Indrani Haldar,3.54
Shailendra Gaur,3.68
Omkar Das Manikpuri,3.2199999999999998
Adrien Brody,3.87
Kanwaljit Singh,2.79
Priyaank Sharma,2.55
Akash Sagar Chopra,2.51
Vinod Khanna,3.2350000000000003
Aachi Manorama,3.12
Tanishaa Mukerji,2.465
Ashish Kumar,3.4
Nikhil Chinappa,2.69
Anay,1.99
Shashi Kapoor,3.62
T.N. Balakrishna,4.53
Farha Khan,2.93
Akash,3.73
Deepak Chandra,2.51
Adhvik Mahajan,2.36
Vinod Acharya,3.49
Harshaali Malhotra,4.25
Zaira Wasim,4.15
Ravi Kishan,2.97
Zia Mohiyuddin Dagar,4.15
Chirag Saluja,3.45
Martin Henderson,3.4
Pankaj Kapur,4.055
Manish Kumar,3.4
Birendra Nath Tiwari,2.22
Ram Govind,3.07
Sabeeka Imam,2.93
Ashwin Shukla,3.31
Akanksha D. Sharma,3.45
Rukhsar Rehman,3.54
Thilakan,1.38
Sohniya,3.82
Arvind Singh Rajpoot,3.12
Disha Pandey,2.93
Dino Morea,2.475
Rajveer Ankur Singh,4.39
Sushmita Sen,2.79
Hema Bisht,4.34
Rajiv Thakur,3.07
Hrishikesh Mukherjee,3.21
Rohit Pandey,3.54
Ishita Arun,2.32
Neenasam Ashwath,3.92
Arya,2.98
Shataf Figar,3.68
Bhakti Bhansali,2.93
Monika Ravan,3.12
Cherry Mardia,2.79
Thomas Tevana,2.18
Rohan Shroff,3.07
Narendra Jha,3.12
Gautam Gulati,1.85
Setareh Noori,4.01
Rati Agnihotri,3.0
Dharmendra,3.35
Shiva Suryavanshi,4.53
Rani Sinha,1.61
Omna,3.07
Inaamulhaq,3.895
Abhay Singhal,4.06
Rana Jung Bahadur,2.95
Alfeeya Donna,4.53
Sikandar Kher,2.72
Divyendu Sharma,3.5300000000000002
Taran Bajaj,2.27
Arunava Adhikari,4.01
Pankaj Kamal,4.91
Aditya Bal,2.98
Zeenat Ibrahim,3.4
Habeeb Aidroos,2.98
Krishnakant Dalvi,4.2
Akhilesh,3.26
Pooja Bhatt,3.0549999999999997
Saiyami Kher,2.9299999999999997
Kshitee Jog,3.64
Vikram Makandar,3.2199999999999998
Charmy Kaur,2.36
Amruta Khanvilkar,2.15
Amit Hingorani,2.04
Ashok Banthia,3.59
Anuj Saxena,2.79
Sonam Bajwa,3.07
Biswajit Chatterjee,3.545
Prabhleen Sandhu,4.34
Arjun Fauzdar,1.75
Ritika Badiani,3.78
Amar Upadhyay,2.18
Mohammad Reza Golzar,2.27
Parambrata Chattopadhyay,3.5300000000000002
Soundarya Sharma,3.92
Jyoti Chandekar,3.73
Mohan Babu,3.965
Indraneel Bhattacharya,3.92
Ragesh Asthana,2.84
Shahbaaz Khan,2.98
Ananth,2.65
Ramesh Aravind,3.54
Saathi Ganguly,2.32
Tarun Anand,3.73
Rajendra Prasad,3.4
Janhvi Kapoor,2.79
Akanksha Malhotra,3.025
Imran Abbas,2.3899999999999997
Abir Chatterjee,3.73
Tanikella Bharani,3.275
Jeevan,3.16
Utkarsh Sharma,2.98
Salim Fateh,3.21
Shamna Kasim,3.31
Atul Hanwat,3.78
Chriselle Almeida,2.79
Sucheta Paushe,3.31
Nilanjana Bhattacharya,3.96
Mahmood Farooqui,3.96
Sanjeeda Sheikh,2.08
Ramnita Chaudhry,2.74
V. Ravichandran,3.145
Divya Menon,3.82
Kamal Haasan,3.535
Dhruv Bali,3.35
Pooja Bharti,2.27
Sushma Ahuja,3.78
Sarosh Irani,3.92
Banerjee,3.31
Puneet Sikka,4.34
Corin Nemec,4.06
Denise Richards,2.32
Lara Dutta,3.165
Sonal Sehgal,3.22
Anita Ayoob,2.51
Omkar Kapoor,3.73
Ajinkya Deo,3.54
Randhawa,3.12
Keshavrao Date,3.73
Sara Ali Khan,2.76
Chetan Hansraj,4.34
Shabana Raza,2.965
Bharat Dungrani,2.08
Samiksha Bhatt,3.21
Salem Bahwan,2.51
Sunil Thapa,3.68
Arshin Mehta,3.92
Mita Vashisht,3.8949999999999996
Shalini Pandey,3.87
Sudha Chopra,3.12
Krishan Dhawan,3.4
Amerjit Deu,2.93
Huma Khan,2.84
Nishat Mallick,2.04
Martin Sheen,3.87
Rhea Chakraborty,3.3150000000000004
Vikrant Verma,3.31
Shreya Dhanwanthary,3.31
Dwij Yadav,3.0250000000000004
Vicky Kaushal,3.8499999999999996
Himanshu Bhatt,3.35
Kritika Sachdeva,3.07
Rizwan Shaikh,4.11
Ganpat G. Shinde,3.64
Amann Grewal,3.73
Amrita Bagchi,3.73
Kalki Koechlin,3.565
Bobby Deol,2.8550000000000004
Frank M. Ahearn,2.74
Bhavita Anand,2.41
Parvin Dabas,3.12
Praveen Maheswari,3.78
Naushaad Abbas,2.27
Aman Ullah,3.45
Gulnaz Siganporia,4.53
Sulabha Arya,3.36
Vijay Anand,3.54
Yash Soni,3.92
Arif Zakaria,3.825
Kirti Singh,2.4349999999999996
Mumtaz,3.42
Harshvardhan Rane,3.98
Maanu,3.82
Vishwanath Chatterjee,4.44
Nivedita Bhattacharya,2.7199999999999998
Laila Rouass,3.54
Shernaz Patel,3.68
Rafiq Anwar,3.68
Vinod Pande,2.46
Sapna Awasthi,3.16
Bijesh Jayarajan,2.6
Adnan Sajid Khan,3.99
Karan,3.325
Gaurav Sharma,4.29
Madhavi,3.4
Veer Gujjar,2.74
Elena Kazan,3.07
Sharan Anandani,3.64
Brahmanandam,3.38
Aitana Sánchez-Gijón,3.26
Shashanka Ghosh,3.07
Lucky Kohli,1.38
Rajveer Singh,2.74
Ramesh Deo,3.21
Iti Acharya,3.35
Ramola,3.78
Uttam Halder,3.68
Sheetal Bavishi,2.84
Amrita Singh,2.705
Garima,3.73
Apoorv Bansal,4.67
Rahul V. Chittella,3.59
Rahul Sharma,2.04
Sonika Chopra,3.82
Prashant Pandey,4.15
Badri Singh,4.34
Sandeep Yadav,4.39
Zain Khan Durrani,4.01
Pratim D. Gupta,2.93
Ishaan Khattar,2.635
Joginder Shelly,2.84
Manisha Koirala,2.83
Chandan Roy Sanyal,3.615
Jyoti Swaroop,3.49
Ram Kapoor,2.99
Rahul Dholakia,3.26
Atul Kulkarni,3.355
Shyam,3.49
Sid Makkar,2.51
Abhay Deol,3.575
Krrish Chhabria,4.2
Jasti Hemambar,3.14
Golshifteh Farahani,3.26
Sherlyn Chopra,2.47
Krishan Kumar,2.83
Swapnil Joshi,3.26
Jaideep Ahlawat,3.07
S.P. Balasubrahmanyam,2.81
Tulip Joshi,3.66
Esmayeel Shroff,3.35
Saurabh Shukla,3.26
Bindiya Goswami,3.65
Mandy Takhar,3.45
Mohan Joshi,3.24
Anjala Zaveri,2.87
Tovah Feldshuh,4.11
Atul Agnihotri,2.645
Purab Kohli,3.215
Ahran Chaudhary,3.12
Amrita Acharya,2.79
Kulbhushan Kharbanda,3.5300000000000002
Rajat Kapoor,3.6550000000000002
Vir Das,2.51
Akshat Verma,4.06
Rakesh Roshan,3.34
Ayaan Ahmad,2.18
Tod Polson,3.26
Hatha Yogi Baba,3.92
Neha Julka,3.4
Vansh Bhardwaj,3.21
Sheeba,2.605
Biswajit Chakraborty,2.88
Kelli Garner,3.31
N.T. Rama Rao,4.07
Op Rai,3.49
Puneet Issar,2.6
Alaya F,3.59
Rajit Kapoor,3.62
Anil Pandey,4.06
Mallika Sarabhai,3.16
Roshni,3.4
Ajay Kumar Singh,3.21
Hemant Birje,2.615
Amjad Khan,3.685
Julian Sands,4.06
Niharica Raizada,2.41
Onjolee Nair,2.51
Sarvadaman Banerjee,3.76
Naseeruddin Shah,3.46
Atul Srivastava,2.88
Priyamvada Narayanan,3.87
Mohd. Zeeshan Ayyub,3.02
Rohit Bal,2.88
G. Ananthappa,4.15
Madhu Acharya,2.51
Prince Daniel,3.16
Kirti Azad,4.01
Murli Sharma,2.27
Wamiqa Gabbi,3.45
Urvashi,3.68
Anang Desai,3.0250000000000004
Humaima Malik,3.35
Satyanarayana Kaikala,3.78
Kishori Ambiye,3.64
Shubhanshu Satyadeo,4.72
Hiten Tejwani,4.53
Shweta Agarwal,3.02
Dhumal,3.92
Bhisham Kohli,3.16
Mohan Agashe,3.34
Aditya Srivastav,3.13
Masha Pour,3.64
Dara Singh,3.63
V. Menon,3.4
Suhasini,3.35
Shadab Kamal,3.24
Harish Raj,4.11
Mona Ambegaonkar,2.49
Akash Bathija,2.51
Master Bunty,2.88
Acchui,3.12
Alyy Khan,1.71
Vardhan Puri,4.25
Leila Advani,4.86
Archana Gautam,3.4
Mahesh Babu,3.045
Meena,3.41
Ratna Bhooshan,4.29
Bindu,3.19
Deep Katdare,3.59
Heeba Shah,3.31
Ravi Kapoor,2.13
Charu Asopa,3.12
Leela Naidu,3.6849999999999996
Sobhan Babu,3.915
Neelam Kothari,2.9
Saloni Batra,3.87
Leena Chandavarkar,3.525
Mandakini,3.04
Nishant Rai,3.78
Yash Krishnani,3.02
Sadhana Singh,3.8
Ruby Barnhill,3.49
J.S. Randhawa,3.16
Madhuri Bhattacharya,2.08
Sachin Chaudhary,4.34
Rasika Dugal,3.825
Hina Tasleem,2.55
Kaushal,3.16
Veena,4.08
Daisy Bopanna,2.32
Hasleen Kaur,1.75
Sunil Dhawan,2.88
Alexx O'Nell,3.45
Jhataleka Malhotra,2.6
Sharad Kelkar,3.495
Harish Bhimani,3.42
Vanya Joshi,3.92
Khushboo Khan,2.18
Mehul Adwani,3.3
Sonia Albizuri,2.86
Jagdeep,2.99
Sandeep Bose,2.55
Masumeh Makhija,2.32
Sanjay Singh,2.65
Aftab Shivdasani,2.635
Diamber,2.27
Bahadur,3.54
Amrit Raj Gupta,3.87
Mohnish Bahl,3.27
Nataneya Singh,2.74
Sahil Vaid,3.59
Sneha,3.0250000000000004
Sonal Singh,2.88
Meera Devi,4.29
Utpal Dutt,3.69
Vani Vashishth,3.26
Yash Tonk,2.32
Anushka Ranjan,2.27
Ariana Ayam,2.88
Akanksha,3.59
Arvinder Bhatti,2.88
Shweta Tripathi,3.55
Avii,3.26
Megastar Maharishi Aazaad,3.16
Ashwini Bhave,2.92
Manish Gupta,3.02
Preeti Jhangiani,2.79
Durga Khote,4.0
Kaajal Kiran,3.68
Shakuntala Barua,3.96
Rajkumar Santoshi,4.2
Seema Bhargava,3.85
Cyrus Broacha,1.8
Anand Tiwari,3.6350000000000002
Vinay Virmani,3.24
Anil Nagrath,2.675
Uttam Kumar,3.675
Ratan Aulakh,2.32
Narsimha Rao,3.68
Lakshmi Kanta,3.64
Pranutan Bahl,3.73
Sidharth Bhardwaj,4.65
Kishan Shrikanth,3.87
Emma Dean,3.78
Jay Mehta,3.78
Simone Singh,3.49
Vinay Sapru,2.91
Dolly Bindra,1.47
Sulochana Chatterjee,3.45
Shrivastava Anushka,2.41
Uplaksh Kochhar,3.59
Zaheera,3.5999999999999996
Deep Kumar Singh,3.96
Zubeida,3.4
Shanti Priya,2.18
Shakti Kapoor,2.955
Prashant Prakash,3.64
Rintu Thomas,4.29
Beena Banerjee,3.13
Deepak Dobriyal,3.2350000000000003
Aadhi,3.59
Ajay,2.55
Kiku Sharda,3.35
Ravi Teja,2.93
Jitendra Tiwari,3.16
Dibyendu Bhattacharya,3.12
Kushagra Anand,2.18
Prit Kamani,3.18
Satyadev Dubey,3.8
Shakila,3.645
Sonya Jehan,2.84
Hussain Dalal,3.16
Ayesha Kapoor,3.49
Deepak Chachra,4.15
Aditya Pancholi,3.045
Nidhi Singh,3.68
Arun Govil,3.82
Shahid Gulfam,3.64
Chirag Arora,4.67
Yash Dave,3.12
Gulshan Bawra,4.53
Brownie,2.55
Sujeet Chaubey,3.4
Neha Dubey,3.73
Amit,2.035
Gullu Dada,3.76
Romit Raj,3.73
Samyukta,3.64
Padmapriya,3.16
Suresh Gopi,2.96
Rahul Chawla,4.53
Rekha Mishra,3.68
Shiraz Hussain,4.2
Sheikh Mukhtar,3.45
Mallika Sherawat,2.35
Puja Jha,3.87
Kubbra Sait,3.78
Talat Aziz,3.68
Manjusha Godse,3.68
Raghu Kumar Karumanchi,3.82
Pankaj Berry,3.505
Manoj Kumar,3.545
Sumeet Saigal,2.27
Alma S. Grey,2.84
Preeti Ganguli,3.07
Priyanka Agarwal,4.29
Aadil Khan,2.27
Mishika Chourasia,1.56
Nandana Sen,3.71
Madhur Mittal,2.6
Mandira Bedi,2.88
Manish Bhattacharya,3.87
Shweta Basu Prasad,4.0200000000000005
Lisa Ann Walter,4.11
Vikas Sethi,2.13
Roshan Bano,3.59
Mrinmayee Godbole,3.4
Rukshar Dhillon,3.31
Rajshri Deshpande,3.52
Manuj Bhaskar,3.4
Dev Sharma,2.64
Mrinalini Sharma,3.05
Prachi Desai,2.41
Danish Bhatt,2.27
Divyaa Dwivedi,2.93
Dada Kondke,3.68
Chitrangada Chakraborty,4.13
Nirupa Roy,3.87
A. Nairang,3.35
Yeshi Dema,2.98
Vikram Chatterjee,3.68
Kavya Trehan,2.84
Carl Weyant,2.84
Riya Sen,2.93
Sunil Dutt,3.525
Prithviraj Kapoor,3.81
Afsheen Jamal,3.35
Benny John,4.72
Bipasha Basu,2.52
Birbal,3.0549999999999997
Sada,2.13
Sonal Mudgal,3.16
Abhimanyyu Abhimanyu,2.62
Hemant Pandey,3.68
Sadiq Ali,4.11
Anoop Kumar,3.96
Ajaykumar,3.02
Lucy Bartholomew,3.73
M.V. Vasudeva Rao,4.11
Zulfi Sayed,2.93
Jas Arora,2.6
Aayush Sharma,1.89
Archana Puran Singh,3.59
Kirti Kulhari,3.245
Master Vithal,3.4
Raj Arjun,3.33
Sitara,4.01
Sanjay Deyali,4.25
Vidya Sinha,3.865
Zhangke Jia,3.07
Fathima Babu,2.88
Meghna Naidu,2.41
Richa Sharma,1.75
Ileana D'Cruz,3.09
Tabrez Hashmi,2.36
Meera,2.295
Neil Nitin Mukesh,2.675
Master Shams,4.2
Mohan Choti,3.54
Supriya Choudhury,3.76
Aalam,3.64
Jeff Zimbalist,3.35
Pawan Malhotra,4.19
Sanjeev Giriwer,3.49
Sachin Krishn,3.68
Rishi Bhummi,3.78
Rimi Sen,3.78
Navya Nair,3.21
Rishikesh Raj,2.27
Vikram Kochhar,3.45
Rockline Venkatesh,3.59
Radhi,3.07
Muzamil Ibrahim,2.84
Ganesh Venkatraman,2.32
Sohum Shah,2.88
Dhwani Gautam,2.74
Vijay Raaz,3.51
Suraj Sharma,4.2
Shekhar Kapur,3.635
Jyoti Sethi,3.31
Murali,3.73
Sudev Nair,2.6
Anumeha Singh,4.39
Manoj Bajpayee,3.41
Nargis Fakhri,3.57
Kim Sharma,2.72
Gul Panag,3.08
Asha Parekh,3.67
Manish Mathur,2.74
Nushrat Bharucha,3.49
Riteish Deshmukh,2.73
Niki Walia,2.79
Manish Bhawan,3.78
Tabu,3.125
Lisa Ray,4.11
Omkar Bhatkar,3.73
Anuj Jain,3.31
Vikas Kumar,4.15
Karamveer Choudhary,4.06
Ranjit Bawa,3.92
Saheem Khan,3.21
Jayshree Arora,2.505
Saloni Aswani,2.6
Shrunga B.V.,3.26
G.M. Kumar,3.31
Salil Ankola,4.25
Padma Khanna,2.79
Mansoor Ali Khan,3.78
Bhanu Pratap Singh,3.31
Darshan Kumaar,2.41
Shafiq Syed,4.25
Nauheed Cyrusi,2.84
Rekha,3.145
Fahad Mustafa,4.15
Aakar Kaushik,3.4
Gauri Shankar,2.46
Aamir Khan,3.66
Menekka Arora,3.78
Sarah Jane Dias,3.565
Krishnendu Adhikari,3.02
Rahul Roy,3.1
Abdul Rehman Sheikh,2.46
Kamaljit Singh,3.21
Dev Goel,1.89
Master Romi,4.06
Raja Hasan,2.46
Shreya Tyagi,4.29
Ma Anand Sheela,2.41
Lin Laishram,3.78
Preeti Mehra,3.45
Mahesh Anand,2.865
Tanveer Hashmi,1.66
Chitrapama,2.04
Narendra Bedi,2.6
Yash Shetty,4.25
Varun Mitra,3.31
Sadiya Siddiqui,3.4
Anil Devgan,2.36
Anya Anand,3.68
Jayprakkash Shaw,2.32
Vipin Bhardwaj,2.6
Farida Jalal,4.130000000000001
Udayan Banerjee,3.45
K. Vijayan,3.73
Mark Ellam,3.96
Yagnaseni Jena,3.54
S. Panju,3.68
Sofia Hayat,2.18
Dheer Momaya,3.59
S.M. Zaheer,3.92
Huma Qureshi,3.23
Rekha Vedavyasa,2.32
Arjun Radhakrishnan,3.87
Daisy Shah,2.55
Jatin Goswami,3.45
Ram Charan,1.99
Singh Bhupesh,3.68
Manoj Chandila,3.82
Rajvvir Aroraa,3.92
Gael García Bernal,3.02
Manoj Bidwai,1.38
Rajat Barmecha,3.35
Miles Anderson,4.29
Marc Robinson,3.4
Sadiya Azgar,3.68
Amyra Dastur,2.77
Waheeda Rehman,3.65
S.S. Vasan,3.82
Ankur Tewari,3.45
Sidhant Gupta,2.65
Shalini Kapoor,3.45
Santhosh Keezhattoor,4.72
R.S. Bhist,4.86
Krishan Hooda,3.87
Milind Ukey,4.06
Meka Srikanth,3.5
Sujoy Mukherjee,3.07
Jahangir Khan,3.87
Vandana Asthana,4.29
Sudhir Kumar,4.44
Naresh Sharma,3.92
Varun Sharma,3.02
Anshu,3.45
Ajay Bafna,4.2
Soumyak Kanti DeBiswas,3.78
Aamir Dalvi,1.94
Neal McDonough,2.22
Kunal Sharma,3.21
Shail Chaturvedi,3.07
Asha Bhosle,3.64
Nawazuddin Siddiqui,3.6100000000000003
Sakshi Gulati,2.36
Armaan Jain,2.79
U.R. Ananthamurthy,4.15
Ila Arun,3.3899999999999997
Vivek Gomber,4.11
Deepa Arora,4.15
Om Puri,3.365
Yogita Deshmukh,3.02
Satyam Rajesh,1.75
Nakul Roshan Sahdev,4.25
Asif Basra,3.5
Neha Sharma,2.85
Gemini Ganesan,3.87
Gayatri Joshi,4.34
Tusshar Kapoor,2.515
Alisha Baig,2.22
Sonam,2.415
Nicolas Chevaillier,2.98
Manoj Punj,3.07
Aamir Bashir,4.02
Ranji Vijayan,3.59
Hardik Kapadia,3.92
Kashmira Irani,4.01
Charanpreet Insan,3.59
Gajendra Chauhan,3.1799999999999997
Sendhil Ramamurthy,3.87
Olga Anand,2.46
Pradhuman Singh,3.87
Jameel Khan,3.4
Diljit Dosanjh,3.295
Anushka Sharma,3.545
Meenu Hooda,3.59
Vijayshanti,3.65
Aditya Seal,1.89
Noor Jehan,4.01
Preity Zinta,3.21
Arbaaz Khan,2.715
Ashlin Harris,3.68
Ashutosh Gowariker,4.24
Mahmud Babai,2.13
Suman Ranganath,2.6
Chunky Panday,2.88
Alisha,3.0
Abuzar Akhtar,2.36
Sameer Khan,2.88
Shanta Apte,3.73
T.R. Narasimharaju,4.25
Shreya Ghoshal,3.73
Dharmesh Yelande,2.55
Genelia D'Souza,3.39
Sabreen Baker,3.26
Nutan,3.6399999999999997
Manoj Bakshi,2.88
Nitin Anand,2.51
Tara Sharma,2.46
Sarath Kumar,3.78
Vibhuti Jha,3.64
Yogeeta Bali,3.275
Sakshi Tanwar,4.06
Natasa Stankovic,3.16
Anil Kapoor,3.0599999999999996
Jassie Gill,3.68
Radha Bhatt,3.5
Md. Faiz Alam,4.15
Smita Tambe,3.61
Madhura Velankar,3.78
Vickrant Mahajan,3.26
Babita Bhardwaj,3.87
Joy Sengupta,3.4
Priya Anand,2.88
Shanti Dave,3.87
Aubrey K. Miller,3.21
Sunny Leone,2.01
Suresh Bhagwat,3.33
Chandrashekhar,2.93
Numaan Sheikh,4.15
Geeta Bali,3.7800000000000002
Jay Solanki,4.39
Ashok V. Bhushan,2.18
Zoa Morani,2.93
Dulquer Salmaan,3.685
Harsh Chhaya,2.43
Preeti Soni,2.41
Amy Jackson,3.05
K.J. Linhein,3.49
Mukta Barve,3.4699999999999998
Mir Sarwar,2.13
Ankush Chaudhari,3.4
Ronit Roy,3.6449999999999996
Vaibhav Chauhan,3.33
Maninder Singh,1.85
Preeti Desai,2.46
Afzal Khan,2.13
A.H. Shore,3.4
Aadil Chahal,3.12
Vijayendra Ghatge,2.74
Mumtaz Shanti,3.69
Zenia Starr,3.96
Priya Banerjee,2.88
Atif Jamil,2.13
Mukul Dutt,2.74
Nirmala,3.96
Basanta Bhatta,3.82
Sritam Das,4.2
Hsieh Chang Hai,3.4
Arshad Khan,3.26
Siddharth,3.65
Ajay Gehi,3.35
Sarita Choudhury,2.69
Simran,3.27
S.N. Banerjee,3.82
Teeshay,3.16
Veena Malik,1.565
Amy Maghera,3.235
Raj Kiran,3.54
Anuradha Patel,2.79
Anoushka,3.49
Ayan Banerjee,3.87
Makarand Anaspure,3.92
Shiva Shambh Bhatt,4.81
Himarsha Venkatsamy,3.49
Arya Babbar,2.16
Ayaz Ahmed,3.21
Izabelle Leite,3.45
Celina Jaitly,2.0
Poonam Pandey,2.79
Salil Acharya,2.84
Rocky Sandhu,2.22
Farah Karimaee,1.71
Minnakshi Das,3.49
Felicity Kendal,3.68
Nagesh Bhonsle,2.84
Dibakar Banerjee,3.21
Sonam Chhabra,4.01
Sanjay Kapoor,2.7199999999999998
Anand Balraj,2.51
Prasenjit Chatterjee,3.2800000000000002
Pasupathy,2.69
Lalita Pawar,3.75
Laila,3.07
Nishikant Kamat,2.55
Aryan Neeraaj Anand,3.66
Anjali Patil,3.5650000000000004
Shravan Upalakar,4.58
Arun Mathur,2.51
Jayesh Raj,2.88
Pradeep Rangwani,2.32
Rahul Bose,3.255
Suresh Oberoi,2.915
Vaibhav Raj Gupta,2.79
Shweta Bhardwaj,2.885
Aditi Inamdar,4.15
Ritwick Chakraborty,3.425
Mahesh Jilowa,4.2
Gracy Singh,2.54
Kareena Kapoor,3.02
Charan Raj,4.29
Amyth Sethi,2.46
Zayed Khan,2.54
Karanvir Malhotra,3.02
Sandhya,3.7649999999999997
Abhi Bhattacharya,3.6550000000000002
Rahul Jaiswal,2.84
Shivangi Gautam,3.64
Avtar Gill,2.75
Ali Asgar,2.02
Peter Mugyenyi,4.11
Rajkumari,3.73
Diane Allemon,3.45
Juhi Babbar,2.44
Raageshwari,3.21
K.K. Raina,3.73
Nitin Goel,3.45
Amit Dhamija,2.22
Anjali,3.12
Dhanshree Jain,3.49
Amrita Arora,2.33
Brahmachari,3.49
John Gielgud,4.25
Bharat Gopy,3.73
BuAli Shah,3.4
Dan Dhanoa,3.21
Anupama,3.78
Nachiket Patwardhan,4.11
Meenu Kawatra,4.48
Ramanjit Juneja,2.04
Joseph Vijay,2.7
Sadakkit Bijran,3.64
Prayag Raj,3.59
Sonali Bendre,2.99
Saahil Prem,2.575
Arjun Hingorani,3.49
Prakash Raj,2.89
Javed Khan,2.895
Pravina Bhagwat Deshpande,4.11
Sunny Hinduja,3.6550000000000002
Sudeep,3.185
Kenneth Desai,3.49
Seema Biswas,3.1550000000000002
Jacqueline Fernandez,2.5549999999999997
Sayani Gupta,3.66
Srishti Gautam,4.15
Sonia Sahni,2.6
Mayank Agarwal,2.93
Perthvi Jutsi,4.53
Falah Faisal,3.87
Bob Christo,2.6
Shruti Agarwal,2.79
Glen Barreto,1.75
Mona Wasu,3.21
Sanket Chauhan,4.44
Muntazir Ahmad,3.37
Ravi Kumar,4.34
Rajesh Sharma,3.82
Akhilendra Mishra,2.98
Saurabh Kumar,4.11
Arunoday Singh,2.715
Avinash Wadhawan,2.91
Gauri,3.82
Prithviraj Sukumaran,3.21
Vijayakanth,2.74
Deepak Bahry,2.74
Cyprus Dastoor,3.82
Javed Abdi,2.18
Anup Soni,3.07
Madhu Anand Chandhock,3.02
Sathyaraj,3.92
Vasili Pronin,3.78
Nikhil Dwivedi,2.55
Prashant Narayanan,2.7350000000000003
Amit Ashar,3.4
Negar Khan,2.25
Anurita Jha,3.025
Kim,3.54
Deepak Malhotra,3.45
Rohan Kapoor,3.16
Sammir Dattani,3.2
Raj Babbar,3.3
Deven Bhojani,3.52
S. Balaji,3.59
Sonia Agarwal,3.445
Janardhana Rao Arja,4.15
Gabriella Wright,3.12
Kirti Reddy,2.12
Dakshita Patel,3.02
Gaurav Gautam,2.96
Meena Kumari,3.7
Shivani Raghuvanshi,3.68
Reshama Pasha,3.59
Soubin Shahir,2.93
Deeksha Seth,2.79
Anu Choudhury,4.76
Thulasi Nair,2.13
Dilip Arya,3.92
Nandamuri Balakrishna,3.675
Krishna A.R.,2.79
Nilesh Maniyar,3.87
Adam Saini,2.98
Ashfaq,5.0
Babita Kapoor,3.36
Priyanshu Chatterjee,3.17
Kriti Malhotra,3.78
Aleksandr Zguridi,3.82
Ben Kingsley,4.25
Uday Chopra,2.6100000000000003
Vijayata Pandit,2.96
Nivin Pauly,4.01
Judi Dench,3.59
Aishwarya Rajesh,3.49
Neha Ahuja,1.71
Ava Mukherjee,3.4
Dhruv Ganesh,3.21
Tara Deshpande,3.4850000000000003
Rituparna Sengupta,3.02
Manav Kaul,3.37
B.V. Nandini Reddy,2.84
Shubham,3.02
Vivaan Bhimani,3.4
Hayley Cleghorn,3.12
Usha Kiran,3.92
Devaki Singh,2.13
Sheetal Shah,4.2
Shefali Shah,3.435
Dhanush,3.5949999999999998
Jeevan Kala,3.92
Rehana Sultan,3.61
Rajeev Ankit,3.49
Chandra Shekhar Dutta,3.635
Farid Amiri,1.915
Rekha Rana,3.07
Shiv Darshan,1.7
Pranavanand,3.45
Rozina,3.35
Rana Daggubati,3.705
Manjari Fadnnis,3.47
Jeetendra,3.0999999999999996
Gautami Kapoor,3.78
Kishore Kumar,3.65
Tharun Bhascker Dhaassyam,2.84
Neha Hinge,3.07
Anshul Chobey,3.87
Rupa Bhimani,3.235
Shoma Chaudhury,2.41
Chutki,3.16
David Arquette,3.73
Rohini Hattangadi,4.08
Vibhav Roy,2.32
Hema Chaudhari,3.64
Aleksey Fedorchenko,3.07
Masum Ali,3.12
Jayaram,2.46
Smriti Mundhra,3.73
Malak Shah,3.87
Randhir Kapoor,3.395
Shadab Khan,2.86
Tanmay Ssingh,4.06
Anjana Sukhani,3.73
Hema Malini,3.295
Kumar Gautam,1.8
Sahher Bambba,2.65
Sikandar Khanna,3.45
Brahm Bhardwaj,3.54
Sarika,3.56
Tarush Waghela,3.54
Bobby Kumar,3.68
Mrunal Thakur,4.25
Siddharth Menon,3.33
Sidhant Kapur,2.84
Gennadiy Vasilev,2.98
Lynn Collins,3.31
Ruchika Muchhala,3.35
Vivek Anand,3.45
Hritu,1.99
Master Salman,4.2
K.S. Ashwath,4.53
Rajeev Anand,3.45
Kamna,2.22
Wasabi Mizuta,3.68
Shweta Dadhich,2.6
Meghna Malik,2.46
Pihu Myra Vishwakarma,3.64
Siddharth Kher,3.45
Karan Deol,2.65
Prajakt Rebeloma,3.92
Bhumi Pednekar,3.02
Vinay Pathak,3.4749999999999996
Pilla Srinivas,2.6
Aida Folch,3.26
Ajay Devgn,2.91
Karan Bhanushali,3.49
Mahima Chaudhry,2.605
Mimoh Chakraborty,2.26
Rajesh Kumar Singh,3.35
Salma Agha,2.7649999999999997
Deven Verma,3.05
Arjun Chakrabarty,4.58
Samit Bhanja,3.8
Anubhav Dhir,3.26
Rajesh Khanna,3.525
Himani Chawla,1.94
Rohan Dey,3.96
Sudheer Babu Posani,3.73
Mahesh Bhatt,3.26
Bryan Cranston,3.68
Vijay Sethupathi,3.54
Randeep Hooda,3.41
Shekhar,3.96
Pankaj Jha,3.62
Hemu Adhikari,3.49
Yogesh Shah,4.29
Arvind Swamy,3.355
Eddie Billimoria,3.78
Poonam Dhillon,2.705
Khausal Bharti,3.26
Soni Razdan,3.26
Sagarika Ghatge,2.53
Nikhat Khan,1.8
Rahman,3.78
Holly Gilbert,3.07
Salman Khan,2.955
Pallavi Sharda,2.65
Sumit Suri,3.45
Kannan Arunachalam,3.02
Sanjay Dadhich,3.31
Vinod K. Verma,2.84
Ameeta,3.285
Dimple Kapadia,3.215
Sulagna Panigrahi,4.44
Amaresh Banerjee,4.15
Harikrishna Nandamuri,3.16
Nikita Anand,1.99
Vira Sathidar,4.11
Ahana,3.68
Bhaskar Shetty,2.84
Parvathy Thiruvothu,3.82
Juhi Chawla,3.1550000000000002
Pushkar Bhaskar Pant,3.4
Devayani,2.27
Vipasha Agarwal,2.41
Joshua Fredric Smith,2.04
Sammy Jonas Heaney,1.89
Sulochana Latkar,3.61
Abhilash Chaudhary,2.55
Rajat Bedi,3.185
Andrea Miglio Risi,3.45
Vivek Sharma,3.45
Shriya Saran,3.24
Smita Patil,3.5599999999999996
Suparna Anand,4.11
Mahek Chahal,2.06
Sonarika Bhadoria,1.94
Mahnour Shadzi,3.31
Ravi Sudha Choudhary,4.76
Saira Banu,3.5549999999999997
Sudesh Kumar,2.6
Ashrita Agarwal,2.6
Kaushik Banerjee,3.12
Ajita,1.94
Sampat Pal Devi,4.01
Sharvari Jamenis,3.78
M. Parvez,3.16
Tanvi Azmi,3.54
Darsheel Safary,3.4000000000000004
Jaya Bachchan,3.47
Sonam Arora,3.64
Sudhir Pandey,4.11
Inshika Bedi,3.26
Sandeep Bedi,2.98
Tony Pietra Arjuna,3.12
Padmini,3.79
Jayaprakash Radhakrishnan,3.64
Karan Dave,3.82
Girish Taurani,2.88
Kay Kay Menon,3.5
Ravi Sah,3.59
Bunty Soorma,2.79
Rashmi Somvanshi,3.73
Shilpa Navalkar,3.02
Bobby Darling,3.25
Rehana,3.74
Krishna Chaturvedi,2.36
Aditya Rawal,3.87
Amitosh Nagpal,4.44
Vishnupant Pagnis,3.64
Sandeepa Dhar,3.175
Bhairavi Athavle,4.44
Dipannita Sharma,3.68
Margarita Terekhova,4.06
Isha Koppikar,2.7800000000000002
Bhushan Agarwal,1.99
Shekhar Suman,3.3150000000000004
Aseem Ali Khan,2.32
Mouli Ganguly,3.4
Rajesh Malik,3.3
Kriti Sanon,3.24
Radha,3.45
Rani Mukerji,3.21
Sandhya Mridul,3.4
Adah Sharma,2.91
Aparna Sen,3.61
Sagar Arya,2.93
Seema,3.54
Sujata Mehta,3.78
Dinesh Lamba,2.55
Jaymala Adarsh,4.11
Sumit Arora,3.45
Abhijeet Singh,3.68
Laxmikant Berde,3.0650000000000004
Arjun Mathur,3.435
Kunal Kohli,3.02
Kishore Kumar G.,3.73
Aarthi Agarwal,3.54
Vijaya Choudhury,3.44
M.D. Asif,3.54
Vijayalalitha,4.01
Shobha,3.59
Jayamalini,3.4
Siddharth Koirala,2.27
Kiran Rathod,3.42
Arya Dave,3.775
Moon Moon Sen,3.87
Koyel Mallick,3.16
Shivam Bhaargava,2.84
Garrick Chaudhary,3.78
Aashish Chaudhary,2.85
Jugal Hansraj,2.755
Yashi Kapoor,2.08
Rita Bhaduri,2.84
Karan Dewan,4.01
Uttara Baokar,3.45
Sudhir Dalvi,3.285
Vikas Kalantri,3.2800000000000002
Priya Bapat,4.2
Paresh Rawal,3.585
Chitrangda Singh,3.32
Raaj Kumar,3.395
Mayuri Kango,3.78
Punit Pathak,2.55
Farheen,2.97
Amartya Ray,3.35
Kirti Adarkar,4.39
Amiya Chakrabarty,3.73
S.U. Sunny,3.07
Master Sagar Punjabi,2.13
Shiney Ahuja,3.0700000000000003
Mansha Bahl,3.26
Suneil Anand,3.045
Vasant Choudhury,3.73
Gavie Chahal,3.285
Gagansharmaknl,4.29
Madan Jain,3.82
Natalie DP,3.59
Helen Mirren,3.9899999999999998
Bhole Baba,3.92
Sheikh Fattelal,3.92
Aparajita,2.82
Suchendra Prasad,4.44
Ritu Shivpuri,2.46
Inder Kumar,2.81
Neha Baam,3.26
Sujatha,3.59
Mansinghms,3.92
Shyama,3.6449999999999996
Rahul Chahan,4.29
Malaika Arora,2.72
Raadhika Singh,3.35
Raju Mavani,2.41
Ammara Ali,2.79
Partho A. Gupte,4.055
Kabir Bedi,3.05
Aarya Adhav,4.39
Namrata Shirodkar,2.99
Bharat Balani,3.4
Rahul Bairagi,3.49
Siddharth Dhawan,1.28
Radha Saluja,3.8499999999999996
Mylène Jampanoï,3.78
Suchitra Sen,4.050000000000001
Pavail Gulati,3.68
Mehreen Pirzada,3.07
Manohar Singh,3.88
Iqbal Khan,2.65
Tiger Shroff,2.675
Nawab Shah,2.39
Kev Clinsc,2.98
Ami Arora,3.59
Nathalia Kaur,3.68
Aydah El-Kashef,4.29
Rajesh Mittal,3.87
Ishita Raj,2.55
Mahipal,3.615
Athiya Shetty,2.13
Rajesh Desai,4.34
Meena Kandasamy,3.78
Brijendra Kala,3.66
Nabeel Ahmed,3.4
Aditi Bhaskar,3.31
Pooja Joshi,1.66
Konkona Sen Sharma,3.625
Jitendra Rai,2.74
Pulkit Samrat,2.325
Shringar Nagaraj,3.45
Beena Bannerjee,3.49
Ravi Baswani,3.62
Arif Khan,3.12
Shahnawaz Bhat,3.5650000000000004
Attin Bhalla,2.22
Kamala Kotnis,3.82
Rajeev Kanakala,3.2350000000000003
Varun Dhawan,3.035
Laboni Sarkar,2.98
Dolly Chawla,2.69
Vikram Singh,2.08
Sharmin Segal,3.31
Bina Rai,3.71
Gautam Rode,2.18
Kishore Kadam,3.96
Saaikat Bagbaan,3.02
Ulhas,3.68
Himanshu Kohli,3.31
Zareen Khan,3.035
Yashodhan Rana,4.2
Aanchal Dwivedi,3.64
Tottempudi Gopichand,3.33
Ashrut Jain,3.54
Asrani,2.815
Jass Bhatia,3.31
Kushboo,2.93
Mandy Gill,3.02
Lisa Haydon,2.79
Manish Robin,2.55
Farooq Shaikh,3.58
Nani,3.73
Gulshan Grover,3.045
Dhirendra Thakur,4.34
Jagapathi Babu,3.59
Maria Goretti,3.73
Aadar Jain,3.12
Rajniesh Duggall,2.835
Ruhi Singh,2.36
Sandeep Kulkarni,3.38
Rahul Rawail,3.54
Anjali Paigankar,3.73
Neela Gokhle,3.4
Mann Bagga,3.49
Bhankheri Devi,3.82
Mishti,2.46
Lankesh Bhardwaj,2.51
Sayeeda Khan,3.64
Winston Chao,3.4
Suchindra Bali,3.12
Khushboo Purohit,2.98
Hardan,3.78
Sagar Deshmukh,3.82
Narasimha Raju,3.59
Savitri,4.48
Shamita Shetty,3.02
Vikrum Kumar,1.89
Deepti Bhatnagar,2.6
Som Dutt,3.16
John Abraham,3.26
Ruchika Dhankhar,4.34
Mohan Azaad,2.13
Kunal Goswami,2.93
Prakash Belawadi,3.68
Deeya Dey,3.96
Arun,3.45
Lars Kjeldsen,3.12
Riya Sisodiya,3.96
Jasmine Kaur,1.24
Ratna Pathak Shah,4.04
Benaf Dadachandji,4.2
V.M. Badola,3.82
Mouni Roy,3.705
Manoj Amarnani,3.02
Jayashree,3.68
J.N. Anand,3.49
Kajol,3.3049999999999997
Karamaveer Chaudhary,3.78
W.M. Khan,4.48
Nishant Bhardwaj,2.13
Nethra Raghuraman,3.3
Natasha Fernandez,1.66
Ashish Vidyarthi,3.05
Pragathi Yadhati,3.4
Vidya Balan,3.5300000000000002
Amit Goel,3.78
Kookie Gulati,3.68
Ekaansh Bhaardwaaj,2.18
Haradhan Bannerjee,3.87
Prabhu,3.635
Neha Oberoi,2.04
Nassar Abdulla,3.295
Jeremy Sisto,2.98
Reem Shaikh,1.61
Manohar,4.44
Rani Devi,3.82
Raksha Mistry,2.51
Somesh Agarwal,3.62
Sourabh,2.32
Anjori Alagh,3.87
Vinamrata Rai,3.68
Faryal,3.26
Yash Pandit,2.51
Neeta Mehta,3.54
Rafiq Batcha,2.93
Zakir Hussain,3.12
Rajinikanth,3.205
Jaz Pandher,2.7
Kiran Bedi,4.06
Farheen Khan,4.11
Johnny Baweja,1.94
Kuldip Kaur,1.56
Swaran Lata,3.87
Jean-Marie Lamour,3.4
Jason Lewis,2.69
Pratima V. Kulkarni,3.21
T.S. Balaiah,3.59
Sudhish Kamath,2.93
Subramanian Swamy,4.81
Shabana Azmi,3.565
Latika,3.96
Karan Kundra,2.5300000000000002
Ramesh Goyal,1.75
Ranjit Sood,3.26
Azra,3.54
Freny Bhagat,2.46
Rajeev Khandelwal,3.255
Ranbir Kapoor,3.745
Julie Tejwani,3.54
Ajay Kkhundal,4.15
Raj Singh Chaudhary,3.955
Shivaji Prabhu,3.21
Sanjay Suri,2.88
Adesh Prasad,4.39
Raj Rai,3.78
Ahmareen Anjum,4.06
James Fox,3.21
Aparna,3.8
Suresh Chatwal,3.78
Salam Babu,4.25
Vedshree Rao,4.62
Saasha Aery,4.58
Ambrish Sangal,3.92
Navdip Singh,3.07
Naveen Andrews,3.54
Sonika Gill,2.36
J.D. Chakravarthi,2.92
Lydian Nadhaswaram,4.34
Rahul Bhatt,3.4699999999999998
Yash Gawli,3.02
Vimi,3.38
Aahana Kumra,3.4699999999999998
Anuradha Hasan,3.78
Alieesa P Badresia,2.93
Vikas Giri,3.21
Helen,3.0599999999999996
Rucha Inamdar,3.51
Rakul Preet Singh,1.75
Satish Vyas,3.64
Manil Mayank Mishra,4.15
Anoma Pabuwal,3.96
Shahu Modak,4.2
Akkash Basnet,2.13
Furqan Merchant,3.26
Manohar Lalas,3.78
Neeraj Sood,2.88
Prince Shah,3.68
Nithiin,2.57
Vinay Shukla,4.58
Arun Bakshi,2.885
Tanya Singh,2.55
Anand,3.03
Chamkara,3.59
Supriya Pathak,3.69
Shobana,3.635
Shambhavi Kaul,3.33
Manish Anand,2.41
Pavan Buragohain,3.68
Christina Ricci,2.41
Bhavesh Kumar,3.68
Mahesh Kothare,4.06
Rohit Roy,1.775
Deepa,2.36
Reena Roy,3.34
Firoz Ali,2.84
Nyla Masood,3.87
Bobby Khan,2.32
Mannara Chopra,2.55
Nilamadhab Panda,4.12
Abha Paul,3.54
Sayali Bhagat,1.52
Triyug Mantri,4.86
Vijay Ashok Sharma,3.92
Chirag Paswan,1.66
Rajpal Yadav,3.2199999999999998
Mithun Chakraborty,3.0999999999999996
S.M. Iqbal,2.32
Dilip Kumar,3.755
Anjaan,4.25
Sachin,3.18
Akanksha Puri,2.46
Neeraj Kabi,3.78
Satish Raj Kasireddi,3.59
Sunil Kumar Agrawal,2.5
Riz Ahmed,3.31
Fefsi Vijayan,1.94
Romin Khan,3.96
Parmita Katkar,3.35
Pooja Batra,3.21
Shiv Panditt,3.27
Arnali Das,3.68
Ishita Dutta,2.55
Hemavaishnave,3.16
Natalya Gudkova,2.18
Krishnamurthy,3.26
Dev Patel,4.15
Apache Indian,2.88
Mandar Jadhav,3.45
Salim Amrohi,3.35
Roshan Mathew,3.21
Rakshitha,3.73
Gurfareen Bano,3.49
Dhritiman Chatterjee,3.915
Mammootty,3.36
Radhika Madan,3.92
Farha Naaz,2.96
Cyli Khare,3.31
Richa Kalra,4.53
Narayan Singh Sisodia,2.84
Sanaya Irani,2.84
Apurva Godbole,2.36
Radhika Sarathkumar,3.4
Madhan Bob,2.18
Tulsi Ramsay,3.18
Renan Severo,1.42
Kranti Prakash Jha,3.64
Sumitra Devi,3.35
Mahie Gill,3.26
Nakul Kapoor,2.65
Talha Arshad Reshi,4.15
Mala Mukherjee,3.54
Padmini Kolhapure,3.14
Anita Guha,3.855
Umesh Kamat,3.54
Monica Bedi,3.33
Nishi Neha Mishra,4.91
Mahendra Sandhu,3.3200000000000003
Suzanne Bernert,3.38
Natty Kumar,2.32
Vijay Sadanah,3.4
Niharika Singh,3.68
Kapil Jhaveri,2.6
Minissha Lamba,3.33
Rakhee Gulzar,3.38
Aditi Bhagat,2.84
Amrish,3.16
Danish Singh,3.73
Samir Ahmed,3.59
Satchit Puranik,2.18
Nagesh,3.07
Arvind Kumar,3.78
Chand Usmani,3.49
Erica Fernandes,3.64
Gaurav Chowdhary,4.01
Shobhna Samarth,3.87
Payel Sarkar,2.98
Anupam Kher,3.03
Vatsala Deshmukh,3.96
Suneeta Sengupta,3.12
Bhoomika Chawla,3.1
Manager Cheena,3.35
Rajshree,3.115
Sunny Sachdeva,4.39
Jayshree Gadkar,3.16
Ruby Bharaj,4.01
Ameer Sultan,4.48
Aruna Shields,2.46
Yashaswini Dayama,3.02
Saba Joshi,3.12
Kurush Deboo,2.34
Prema,3.12
Harshvardhan Deo,2.79
Sridhar,2.98
Avani Modi,2.46
Nirosha,3.92
Rajasekhar,3.4
Sarthak Bhasin,3.78
Amarjeet,2.525
Mehmood,3.6100000000000003
Tapas Pal,3.54
Manjot Singh,3.73
Chandrachur Singh,2.575
Shashank Udapurkar,2.79
Akshaye Khanna,3.285
Amal Sherawat,1.61
Feroz Khan,3.4050000000000002
Amitabh Bachchan,3.4450000000000003
Felicity Mason,3.78
Shubham Chintamani,3.68
Nagarjuna Akkineni,3.325
Zoya Afroz,2.84
Rotem Bar,2.27
Ryan Bajornas,3.12
Sonam Kapoor,3.115
Robin Sohi,2.51
Ambarish,3.68
Raj Premi,3.38
Rimpoche Dorje,3.35
Milind Soman,3.35
Himalaya,2.04
Santosh Juvekar,3.78
Visshesh Tiwari,3.54
Guru Dutt,3.9050000000000002
Lalu Ram,4.25
Satyajeet,4.035
Ranjeeta Kaur,3.575
Ayub Khan,3.25
Amit Sadh,3.5949999999999998
Anu Agrawal,3.24
Ronobir Lahiri,3.59
Tarla Mehta,3.54
Vishnuvardhan,3.8200000000000003
Nikita Thukral,3.68
Arun Khopkar,4.01
Deepak Antani,4.06
Aditya Narayan,3.02
Ravi Chopra,3.4
Udita Goswami,2.37
Vikram Chatwal,3.12
Archana,3.21
Dev Anand,3.665
Raj Agnihotri,4.25
Sana Khaan,2.55
Naveen Bawa,1.61
Sandeep Bharadwaj,2.98
Kanchan Awasthi,2.5300000000000002
Karunas,2.22
Megha Akash,3.26
Taha Shah Badussha,2.74
Joy Mukherjee,3.575
Pitobash,3.8
Reeth Mazumder-Roberts,1.94
Diganth,2.27
Jimmy Sheirgill,3.075
Anil Chaudhary,3.45
Asin Thottumkal,2.76
Amrish Puri,3.5
Aadil Abedi,3.64
Ritu Maheshwari,4.15
Sohail Khan,2.5300000000000002
Sangeetha,3.87
Niranjan,4.25
Ritu Parna,2.65
Owen Wilson,3.14
Manisha Kelkar,3.26
Akshat Bhatia,2.46
Reema Debnath,1.56
Subhash Ahuja,4.01
Minoo Mumtaz,3.64
Dalip Tahil,2.94
Sweta,3.14
Jalal Agha,3.42
Sachin Pilgaonkar,3.74
Arfi Lamba,3.12
Shehnaz Kudia,2.74
Saiba Babu,4.25
Saurabh Goyal,4.06
Dheeraj Bishnoi,3.16
Tanaji Dasgupta,3.78
Vega Tamotia,3.115
Heenee Kaushik,2.27
Arsh Bajwa,3.59
Sherrin Varghese,2.65
Anil Chatterjee,3.78
Tisca Chopra,3.08
Adil Amaan,3.14
Raj Kapoor,3.8600000000000003
Srividya,4.01
Sasha Aagha,3.54
Ameya Hunaswadkar,3.73
Raima Sen,3.3600000000000003
Edilsy Vargas,3.96
Sumeet Sharma,3.68
Asad Shan,2.93
Kanika Batra,3.8
Ram Dulari,4.01
Sheetal Singh,4.53
