Director,Rating_Director
A. Bhimsingh,3.67
A. Jagannathan,3.23
A. Kodandarami Reddy,3.87
A. Majid,3.16
A. Muthu,1.89
A. Salaam,3.24
A. Shamsheer,3.12
A.C. Trilogchander,3.53
A.K. Bir,4.34
A.L. Vijay,3.07
A.M.R. Ramesh,3.73
A.P. Nagarajan,3.92
A.P. Subbaraav,3.59
A.R. Murugadoss,3.6
A.T. Raghu,2.88
Aadish Keluskar,3.31
Aamir Bashir,3.49
Aamir Khan,4.44
Aamreeta Gautam,3.26
Aanand L. Rai,3.32
Aanand Raut,3.82
Aarti S. Bagdi,3.87
Aarun Nagar,3.78
Aaryaan Saxena,3.02
Aatish Kapadia,3.87
Aban Bharucha Deohans,3.59
Abbas,4.58
Abbas Alibhai Burmawalla,3.2
Abbas Tyrewala,3.68
Abdul Rashid Kardar,3.59
Abhay Chhabra,3.59
Abhay Chopra,2.96
Abhigyan Jha,3.21
Abhijit Kokate,2.69
Abhijit Panse,2.93
Abhimanyu Chauhan,4.11
Abhinav Kashyap,2.79
Abhinav Shiv Tiwari,3.4
Abhinav Thakur,4.53
Abhinay Deo,3.55
Abhiraj Minawala,1.89
Abhiram,2.04
Abhishek Chaubey,4.04
Abhishek Chhadha,2.96
Abhishek Dixit,3.16
Abhishek Dogra,2.76
Abhishek Jain,4.29
Abhishek Jawkar,2.51
Abhishek Kapoor,3.51
Abhishek Pathak,3.73
Abhishek Saxena,3.31
Abhishek Sharma,3.16
Abhishek Varman,2.96
Abir Sengupta,1.89
Abrar Alvi,4.39
Adam Dow,3.35
Adarsh Eshwarappa,4.2
Adarsh Jain,2.98
Adeeb Rais,2.93
Aditi Roy,3.82
Aditya Bhattacharya,3.89
Aditya Chopra,3.58
Aditya Datt,2.85
Aditya Dhar,4.34
Aditya Kripalani,4.13
Aditya Om,3.9
Aditya Sarpotdar,3.68
Aditya Warang,3.96
Adurthi Subba Rao,3.52
Advait Chandan,4.15
Afzal Ahmad,2.98
Afzal Ahmed,2.74
Afzal Khan,2.55
Agneya Singh,3.12
Ahathian,2.9
Ahishor Solomon,3.12
Ahmed Khan,2.21
Ahmed Siddiqui,3.59
Aijaz Khan,3.78
Ajai Sinha,2.48
Ajay Bahl,3.89
Ajay Bhuyan,3.02
Ajay Chandhok,1.96
Ajay Devaloka,2.88
Ajay Devgn,3.33
Ajay Goel,3.07
Ajay Govind,3.45
Ajay K Saklani,4.34
Ajay Kanchan,2.32
Ajay Karthik,3.82
Ajay Kashyap,2.59
Ajay Kumar,3.31
Ajay Lohan,1.85
Ajay Mehra,2.46
Ajay Naik,3.54
Ajay Pannalal,3.12
Ajay Phansekar,3.35
Ajay Yadav,2.2
Ajeet Kumar,3.78
Ajit Chakraborty,3.35
Ajit Dewani,2.69
Ajit Pal Mangat,2.27
Ajit Singh Deol,3.35
Ajit Sinha,3.02
Ajita Suchitra Veera,4.29
Ajitpal Singh,3.68
Ajoy Varma,3.8
Akarsh Khurana,3.54
Akash Goila,3.21
Akash Pandey,3.07
Akashdeep,2.33
Akbar Khan,2.84
Akhil Gautam,4.2
Akhilesh Jaiswal,2.84
Akhtar Mirza,3.64
Akiv Ali,3.59
Akshat Verma,3.45
Akshay Akkineni,3.4
Akshay Anand,2.74
Akshay Roy,3.31
Akshay Shere,3.31
Akshay Singh,4.44
Aku Akbar,2.13
Alankrita Shrivastava,3.19
Aleya Sen,2.22
Ali Abbas Zafar,2.93
Allyson Patel,3.12
Alo Sarkar,3.12
Alok Shrivastav,2.65
Amaan Khan,2.98
Aman Sachdeva,2.98
Amar Butala,2.22
Amar Kaushik,3.99
Amar Kumar,3.86
Amarjeet,3.76
Ambrish Sangal,3.19
Ameer Sultan,3.02
Amin Hajee,2.13
Amira Bhargava,3.59
Amit Agarwal,2.65
Amit Bose,3.68
Amit Dutta,3.76
Amit Kasaria,3.31
Amit Khanna,3.06
Amit Kumar,3.59
Amit Masurkar,3.96
Amit Mitra,4.34
Amit Rai,3.96
Amit Ravindernath Sharma,3.3
Amit Roy,3.59
Amit Saxena,2.46
Amit Singh,2.51
Amit Vats,3.07
Amitabha Singh,3.49
Amitoj Mann,2.72
Amiya Chakrabarty,3.85
Amjad Khan,2.37
Amol Palekar,3.61
Amol Shetge,2.43
Amole Gupte,3.52
Amrit Nahata,3.82
Amrit Sagar,3.4
Anamika Haksar,3.35
Anand,2.74
Anand Balraj,2.32
Anand Dutta,3.35
Anand Gaekwad,2.46
Anand Gandhi,4.29
Anand P. Raju,4.15
Anand Patwardhan,4.15
Anand Sagar,3.16
Anand Surapur,2.88
Anand Tiwari,3.87
Anant Balani,2.72
Anant Thakur,4.11
Anant Tripathi,2.88
Ananth Narayan Mahadevan,2.94
Ananya Kasarvalli,3.26
Andaleeb Sultanpuri,2.74
Andreas Koefoed,3.68
Andrzej Bartkowiak,2.22
Anees Bazmee,2.99
Ang Lee,4.2
Anil,2.08
Anil Chaudhary,2.32
Anil Chorasiya,3.35
Anil Devgan,2.46
Anil Ganguly,3.27
Anil Hingorani,3.49
Anil Kumar Sharma,2.04
Anil Mattoo,2.93
Anil Mehta,3.4
Anil Naryani,3.4
Anil Senior,3.16
Anil Sharma,3.09
Anil Srikantam,3.02
Aniruddha Roy Chowdhury,3.96
Anirudh Chawla,2.13
Anish Khanna,1.71
Anita Udeep,3.07
Anjan Dutt,3.59
Ankush,1.75
Ankush Bhatt,3.29
Annant Jaaitpaal,2.65
Annu Kapoor,3.78
Anshai Lal,3.35
Anshul Adhikari,3.4
Anshul Sharma,3.82
Anshul Sinha,4.39
Antara Mali,2.18
Anthony D'Souza,2.75
Anthony Maras,4.06
Anu Menon,3.46
Anubhav Sinha,3.15
Anup Das,2.55
Anup Kurian,3.42
Anup Samaddar,3.35
Anup Singh,3.26
Anupam Kher,3.07
Anupam Sinha,2.88
Anurag Basu,3.43
Anurag Jha,3.09
Anurag Kashyap,3.96
Anurag Kawatra,4.48
Anurag Singh,3.02
Anusha Rizvi,3.96
Anvita Dutt,3.59
Anwar Pasha,3.16
Anwer Khan,2.38
Aparna Sen,3.69
Aparnaa Singh,3.45
Apoorva Lakhia,2.57
Apurba Kishore Bir,3.54
Apurva Asrani,2.04
Apurva Dhar Badgaiyann,3.78
Arati Kadav,3.16
Aravind Sen,3.32
Arbaaz Khan,2.74
Ardeshir Irani,3.4
Arif Ali,2.79
Arindam Chaudhuri,2.51
Arindam Mitra,3.68
Arindam Nandy,3.02
Arjun Bali,3.07
Arjun Hingorani,3.21
Arjun Mukerjee,3.73
Arjun Sablok,2.42
Arjun Sajnani,2.65
Arjun Sarja,2.51
Arka Ganguly,3.68
Arnab Chaudhuri,3.68
Aron Govil,3.21
Arpa Khan,3.96
Arshad Khan,2.65
Arshad Siddiqui,3.76
Arun Bhatt,3.16
Arun Kaul,3.78
Arun Kumar Rapolu,3.54
Aruna Raje,2.74
Arup Dutta,3.28
Aryan Neeraaj Anand,4.72
Aryeman Ramsay,2.18
Asad Shan,2.93
Ashim Ahluwalia,3.49
Ashim Bhattacharya,2.27
Ashim S. Samanta,3.06
Ashima Chibber,3.49
Ashish Aryan,3.45
Ashish Deo,3.96
Ashish Lal,3.68
Ashish R. Mohan,2.51
Ashish R. Shukla,3.52
Ashok,2.18
Ashok G.,2.27
Ashok Gaekwad,2.74
Ashok Ghai,2.13
Ashok Gupta,2.74
Ashok Honda,2.49
Ashok Kaul,3.5
Ashok Kheny,2.08
Ashok Kohli,1.85
Ashok Mehta,2.79
Ashok Nanda,2.82
Ashok Roy,3.27
Ashok Tyagi,3.07
Ashok V. Bhushan,3.54
Ashok Yadav,3.16
Ashoke Pandit,3.4
Ashtar Sayed,3.04
Ashu Trikha,2.5
Ashutosh Gowariker,3.45
Ashvin Kumar,3.29
Ashwani Dhir,2.96
Ashwin Shetty,3.82
Ashwini Chaudhary,2.83
Ashwiny Iyer Tiwari,4.03
Asif Kapadia,3.64
Asit Kumar Sen,3.98
Asit Sen,3.8
Aspi Irani,3.54
Asrani,3.09
Atanu Mukherjee,3.49
Atlanta Nagendra,2.93
Atma Ram,3.68
Atul Agnihotri,2.3
Atul Sabharwal,3.38
Avani Rai,3.49
Avinash Das,3.1
Avinash Dhyani,2.98
Avinash Kumar Singh,3.59
Avtar Bhogal,2.76
Awtar Krishna Kaul,3.73
Ayan Mukherjee,3.94
Ayush Raina,2.46
Aziz Khan,3.59
Aziz Mirza,3.46
Aziz Naser,3.75
Aziz Sejawal,2.81
Aziz Zee,2.36
B. Gupta,2.6
B. Krishna Rao,2.27
B. Padmanabham,3.64
B. Ramakrishnaiah Panthulu,3.78
B. Trilochan,4.06
B. Vittalacharya,3.59
B.H. Tharun Kumar,2.68
B.R. Chopra,3.78
B.R. Ishara,3.45
B.S. Glaad,3.59
B.S. Thapa,3.04
Baadal,1.56
Baba Azmi,3.64
Babbar Subhash,2.97
Babu Mohan,4.01
Babu Yogeswaran,1.94
Babubhai Mistry,3.53
Baby,3.21
Balasekaran,3.0
Balbir Wadhawan,3.64
Balraj Tah,3.78
Balu Mahendra,4.11
Balwant Bhatt,3.87
Bappaditya Bandopadhyay,3.02
Bappaditya Roy,3.87
Bapu,3.64
Basu Bhattacharya,3.77
Basu Chatterjee,3.64
Bat for Lashes,3.02
Batul Mukhtiar,4.34
Bauddhayan Mukherji,3.73
Bedabrata Pain,3.92
Beena Banerjee,2.93
Behzad Khambata,3.4
Bejoy Nambiar,3.77
Bela Negi,3.45
Bela Segal,2.46
Bhagyaraj,3.3
Bhalji Pendharkar,4.39
Bhanu Pratap Singh,3.02
Bhappi Sonie,3.62
Bharat Dabholkar,3.12
Bharat Jain,2.46
Bharat Kapoor,2.18
Bharat Rangachary,3.11
Bharathan,4.11
Bharathiraja,3.34
Bhavik Thakore,3.49
Bhavin Wadia,3.49
Bhavna Talwar,4.11
Bhimsain,3.73
Bhupender Gupta,2.04
Bhupendra Bhattarai,3.82
Bhushan Patel,2.26
Bibhuti Mitra,3.57
Bidisha Adhikari,3.54
Bijukumar Damodaran,3.64
Bikas Ranjan Mishra,3.54
Bikramjeet Bhullar,2.93
Bimal Roy,3.97
Binod Pradhan,2.27
Bipin Nadkarni,4.01
Biren Nag,3.73
Bishnu Dev Halder,3.49
Biswajeet Bora,3.59
Biswajit Chatterjee,2.93
Bobby Khan,2.22
Bobby Kumar,5.0
Bobby Raj,2.62
Boopathy Pandian,2.27
Bornila Chatterjee,3.87
Boyapati Srinu,3.02
Brahmanand S. Singh,4.36
Brij,3.58
Brijesh Batuknath Tripathi,1.8
Bruce Parry,3.96
Buddhadev Dasgupta,3.46
Bugs Bhargava Krishna,3.94
Bumpy,3.0
Bunty Soorma,2.74
C. Jenner Jose,3.4
C.L. Rawal,3.37
C.M. Jain,2.32
C.P. Dixit,3.08
C.V. Rajendran,3.64
C.V. Sridhar,3.58
Chaitanya Tamhane,4.11
Chakri Toleti,1.68
Chand,3.34
Chandan Arora,3.64
Chander H. Bahl,3.0
Chander Mishra,2.41
Chander Vohra,3.13
Chandra Barot,4.15
Chandra Prakash Dwivedi,3.81
Chandra Sekhar Yeleti,3.56
Chandrakant,3.79
Chandrakant Joshi,3.45
Chandrakant Kanse,3.4
Chandrakant Kulkarni,3.05
Chandrakant Singh,2.53
Chandrasekhar Reddy,3.78
Chandrashekhar,2.93
Chandulal Shah,4.06
Charudutt Acharya,2.98
Chawla,3.82
Chella,1.89
Cherag Ruparel,4.25
Chetan Anand,3.8
Chetan Desai,3.26
Chi Gurudutt,3.59
Chinni Prakash,3.02
Chitraarth,4.29
Chitrayug,3.4
Chuck Russell,3.12
D. Rajendra Babu,3.48
D. Rama Naidu,2.74
D. Sumana Kittur,3.96
D.D. Kashyap,3.72
Dada Kondke,3.27
Dakxin Bajrange,3.02
Daniel Kremer,3.49
Danis Tanovic,3.92
Danish Aslam,2.93
Danny Denzongpa,3.59
Dar Gai,3.78
Dara Singh,3.45
Darshan Bagga,2.79
Dasaradh,3.56
David Dhawan,2.93
Dayal Nihalani,2.99
Dayal Padmanabhan,4.44
Dayanand,3.16
Deb Medhekar,4.06
Deb Mukherjee,3.4
Debaki Bose,3.87
Debaloy Dey,1.96
Debu Sen,3.87
Dedipya Joshii,3.94
Deekshit Kaul,2.65
Deepa Mehta,3.7
Deepa Sahi,2.98
Deepak Anand,2.9
Deepak Bahry,2.65
Deepak Balraj Vij,2.84
Deepak Mahajan,4.2
Deepak Pawar,2.81
Deepak Ramsay,2.58
Deepak Ramteke,2.93
Deepak S. Shivdasani,2.56
Deepak Sareen,2.8
Deepak Tijori,2.51
Deepshikha Nagpal,2.69
Deepthi Tadnaki,4.34
Deepti Bhatnagar,3.26
Deepti Kakkar,4.15
Deepti Naval,3.49
Desh Deepak,3.35
Desh Gautam,3.45
Desh Mukherjee,3.16
Dev Anand,3.12
Dev Benegal,3.61
Deva Katta,3.26
Devang Dholakia,2.46
Devanshu Singh,4.15
Devashish Makhija,3.75
Deven Bhojani,2.98
Deven Verma,2.93
Devendra Goel,3.61
Devendra Mukherjee,3.59
Devi Sharma,3.38
Devika Bhagat,2.46
Dharam Prakash,2.46
Dharan Mandrayar,3.68
Dharani,3.78
Dharmendra Suresh Desai,3.12
Dharmesh Darshan,2.72
Dhavala Satyam,3.59
Dheeraj Kumar,1.61
Dheeraj Pandit,2.22
Dhiraj Kumar,3.02
Dhirendra Bohra,3.21
Dhirubhai Desai,2.6
Dhorairaj Bhagavan,4.27
Dhruv,2.32
Dhruv Sachdev,4.25
Dhundiraj Govind Phalke,3.64
Dhwanil Mehta,3.4
Diane Cheklich,3.45
Dibakar Banerjee,3.96
Digvijay Singh,3.78
Dilip Chitre,3.82
Dilip Ghosh,3.4
Dilip Mehta,3.02
Dilip Naik,3.49
Dilip Shankar,2.3
Dilip Shukla,3.03
Dilip Sood,3.14
Din Dayal Sharma,3.87
Dinesh D. Awasthi,2.32
Dinesh Vijan,2.88
Dinkar Kapur,2.27
Dipankar Senapati,1.75
Dipesh Jain,3.82
Divya Khosla Kumar,1.87
Dr. Jay,2.32
Dulal Guha,3.61
Durai,3.45
Dwarka Khosla,3.82
Dylan Mohan Gray,4.11
E.V.V. Satyanarayana,3.47
Eeshwar Nivas,3.03
Ejaz Gulab,3.21
Ektara Collective,4.29
Elan Dassani,2.69
Esmayeel Shroff,3.23
Faisal Kapdi,1.75
Faisal Khan,2.13
Faisal Saif,3.07
Faisal Simon,3.35
Faiza Ahmad Khan,4.25
Fali Mistry,3.61
Farah Khan,2.99
Faraz Haider,3.14
Fareeda Mehta,3.4
Farhad Samji,2.13
Farhan Akhtar,4.04
Farogh Siddique,2.91
Faruk Kabir,3.48
Faruq Masudi,3.26
Fauzia Arshi,2.27
Fazil,3.45
Feroz Abbas Khan,3.64
Feroz Khan,3.02
Firoz Irani,2.84
Francesca Archibugi,3.45
Frank Gladstone,2.41
Franz Osten,3.54
Fuwad Khan,3.45
G. Krishna,1.94
G. Suman Reddy,4.25
G.B. Vijay,3.45
G.N. Rangarajan,3.5
G.P. Sippy,3.68
G.S. Murthy,4.44
G.S. Vijayan,2.98
G.V. Iyer,3.76
Gagan Puri,2.76
Gaganvihari Borate,3.64
Gajendra Ahire,3.75
Gajendra Shanker Shrotriya,3.59
Ganapathy Bharat,3.4
Ganesh Acharya,2.96
Ganpati Bohra,2.46
Garth Davis,4.25
Gaurav Mehra,4.01
Gaurav Pandey,1.71
Gaurav Panjwani,4.01
Gauravv K. Chawla,3.59
Gauri Shinde,4.08
Gautam Adhikari,2.98
Gautam Joshi,4.86
Gautam Singh,2.98
Gautham Vasudev Menon,3.66
Geethu Mohandas,3.84
Ghorban Mohammadpour,1.99
Girish Dhamija,2.86
Girish Girija Joshi,3.35
Girish Karnad,3.87
Girish Kasaravalli,3.87
Girish Malik,3.66
Girish Trivedi,4.11
Gitanjali Rao,3.31
Gitanjali Sinha,3.68
Glen Barreto,2.88
Gogi Anand,3.24
Goldie Behl,1.82
Gopal B.,3.22
Gopi Desai,3.44
Gopi Puthran,3.96
Gopi Sapru,2.55
Goran Paskaljevic,3.92
Goutam Ghose,3.89
Goutam Pawar,1.66
Govind Menon,2.38
Govind Moonis,4.2
Govind Nihalani,3.85
Govind Sakariya,2.22
Govind Saraiya,3.49
Guddu Dhanoa,2.74
Gul Bahar Singh,3.96
Gulshan Kumar,2.88
Gulzar,4.04
Gunveen Kaur,3.16
Gurdip Singh,3.26
Gurinder Chadha,3.52
Gurmeet Ram Rahim Singh,3.37
Gurmmeet Singh,2.76
Gurpreet Sondh,2.79
Guru Dutt,3.98
Gurudev Bhalla,2.65
Gurvinder Singh,3.82
Gyan Correa,3.35
Gyan Mukherjee,3.8
Gyan Sahay,3.49
H. Dinesh,3.21
H.M. Mirza,3.42
Habib Faisal,3.63
Hadi Abrar,2.2
Hadi ali Abar,2.04
Hamid Ali Khan,2.32
Hansal Mehta,3.14
Hanu Raghavapudi,3.26
Hardik Mehta,3.36
Hari Walia,3.3
Harish Bhosle,2.55
Harish Kumar,3.07
Harish Shah,3.2
Harish Sharma,3.68
Harish Vyas,3.61
Harmage Singh Kalirai,3.12
Harmesh Malhotra,3.11
Harnam Singh Rawail,3.59
Harry Baweja,2.76
Harryy W. Fernaandes,2.32
Harsh Chhaya,3.12
Harshavardhan Kulkarni,3.78
Hasnain Hyderabadwala,2.57
Hassan Nazer,3.12
Hema Malini,2.25
Hemant Birje,2.84
Hemant Gaba,3.16
Hemant Hegde,2.88
Hemant Madhukar,2.17
Hemant N Mishra,3.68
Hemen Gupta,3.88
Hemendra Kumar Singh,4.53
Himanshu Bhatt,2.22
Himanshu Brahmbhatt,2.96
Hiren Nag,3.46
Hitesh Kewalya,3.21
Homi Adajania,3.51
Homi Wadia,3.24
Honey Irani,2.93
Honey Trehan,3.92
Honeypreet Insan,3.4
Howard Rosemeyer,2.55
Hriday Shetty,3.04
Hridesh Kamble,3.31
Hrishikesh Mukherjee,3.85
Hussein Khan,3.64
I.A. Siddique,3.16
I.S. Johar,3.41
I.V. Sasi,3.62
Illangkannan,3.12
Imran Khalid,3.07
Imran Khan,2.79
Imtiaz Ali,3.7
Imtiaz Punjabi,2.65
Inder Raj Anand,3.16
Indra Kumar,2.97
Indrajit Lankesh,2.48
Indrajit Nattoji,2.84
Indrajit Singh,2.36
Indranil Roychowdhury,4.06
Iqbal Baksh,3.26
Iqbal Durrani,2.99
Irene Zoe Alameda,3.26
Irfan Kamal,3.82
Irfan Khan,2.18
Irshad,3.49
Irshad Khan,2.74
Ishaan Nair,2.84
Ishaan Trivedi,2.39
Ismail Memon,3.57
Ismail Merchant,3.51
Israr Ahmed,2.08
Ivan Ayr,3.73
J. Mahendran,3.73
J. Om Prakash,3.2
J.D. Chakravarthi,3.0
J.K. Bihari,2.74
J.P. Dutta,3.35
J.S. Randhawa,3.16
Jabbar Patel,3.68
Jag Mundhra,2.94
Jagan,2.69
Jagan Shakti,3.54
Jagat Joon,3.8
Jagbir Dahiya,3.59
Jagdeep,3.12
Jagdev Bhambri,3.21
Jagdish A. Sharma,2.34
Jagdish Kadar,3.21
Jagdish Nirula,2.98
Jagdish Rajpurohit,3.31
Jagdish Sidana,3.02
Jahnu Barua,3.59
Jai Tank,3.4
Jaideep Chopra,3.28
Jaideep Sen,2.46
Jaideep Varma,4.08
Jaimin Bal,3.47
Jainendra Jain,2.98
Jaiveer,1.99
Jalal Agha,3.21
Jambulingam,3.4
James Dodson,3.4
James Erskine,4.53
James Ivory,3.68
Jan Schmidt-Garre,3.64
Janak Toprani,3.12
Janaki Vishwanathan,2.18
Janmendra Ahuja,2.32
Japinder Kaur Baweja,2.22
Jasbir Bijender Bhati,3.22
Jasmine D'Souza,1.94
Jaspal Bhatti,3.96
Jaspal Singh,2.18
Jaswant Gangani,2.36
Jatin Kumar,4.67
Jatla Siddartha,3.96
Jayabrato Chatterjee,2.88
Jayant Desai,3.87
Jayant Gilatar,3.02
Jayant Paranji,3.26
Jayant Prabhakar,4.39
Jayaprakash Radhakrishnan,3.64
Jayaraaj,3.02
Jayesh Pradhan,2.55
Jayoo Patwardhan,4.11
Jayprakkash Shaw,2.46
Jayveer Panghaal,2.13
Jean-François Pouliot,3.31
Jeethu Joseph,3.02
Jeetu,2.51
Jeetu Arora,3.21
Jeeva,2.74
Jeevitha,3.4
Jeffrey D. Brown,3.73
Jeffrey Gee Chin,4.2
Jehangir Surti,2.84
Jennifer Lynch,1.85
Jeong-beom Lee,3.68
Jeppi,2.22
Jignesh V. Vaishnav,2.32
Jijo Punnoose,3.58
Jijy Philip,3.35
Jiten Purohit,2.74
Jitendra Chawda,3.12
Jitendra Pawar,1.61
Jitin Rawat,4.76
Joe Eshwar,3.59
Joe Rajan,3.07
Jogesh Sehdeva,3.68
Joginder Shelly,2.84
Johannes Roberts,2.98
John Madden,3.59
John Mathew Matthan,3.46
John Owen,3.82
Johny Bakshi,3.54
Jonathan Augustin,3.87
Jose Punnoose,1.94
Joshiy,3.64
Joy Augustine,3.47
Joy Mukherjee,3.68
Jugal Hansraj,2.79
Jugal Kishore,2.84
Jugal Raja,3.68
Jyoti Swaroop,3.53
Jyotin Goel,2.61
K. Amarnath,4.25
K. Balachander,3.82
K. Bapaiah,3.01
K. Bikram Singh,3.87
K. Hariharan,3.68
K. Muralimohana Rao,2.74
K. Narayan Kale,4.25
K. Pappu,2.9
K. Raghavendra Rao,3.2
K. Ramanlal,3.31
K. Ravi Shankar,2.92
K. Shankar,3.64
K. Subash,3.73
K. Subhash,2.76
K. Thankappan,3.82
K. Vasu,4.11
K. Vijayan,3.54
K. Viswanath,3.4
K.B. Tilak,3.35
K.C. Bokadia,2.5
K.C. Handra,1.75
K.D. Satyam,2.68
K.I. Sheikh,1.61
K.K. Singh,3.16
K.P. Sasi,3.64
K.R. Reddy,2.86
K.S. Adiyaman,2.69
K.S. Prakash Rao,3.94
K.S. Ravi,3.07
K.S. Ravikumar,3.28
K.S. Ravindra,2.69
K.S. Sethumadhavan,3.48
K.S.R. Das,3.18
K.V. Raju,2.88
Kaashvi Nair,2.41
Kabeer Kaushik,2.96
Kabir Khan,3.37
Kabir Sadanand,2.72
Kabir Singh Chowdhry,3.59
Kader Kashmiri,3.0
Kailash Surendranath,2.88
Kaizad Gustad,2.17
Kajal Naskar,3.07
Kalidas,3.48
Kalpana Lajmi,3.44
Kalpataru,3.31
Kamakhya Narayan Singh,4.15
Kamal,1.89
Kamal Amrohi,3.68
Kamal Haasan,3.93
Kamal K.M.,3.73
Kamal Majumdar,3.31
Kamal Nathani,3.4
Kamal Sadanah,3.12
Kamal Swaroop,3.82
Kamalakara Kameshwara Rao,4.15
Kamika Verma,3.78
Kanak Mishra,3.76
Kanika Batra,3.59
Kanishk Varma,2.84
Kanmani,2.36
Kannan,2.79
Kannan Iyer,3.16
Kannan Thamarakkulam,2.46
Kanti Shah,2.89
Kanu Behl,4.06
Kanwal Biala,3.35
Kanwal Sethi,3.64
Kapil Kapoor,3.87
Kapil Sharma,2.65
Kapri Vinod,3.33
Karan Anshuman,2.6
Karan Butani,2.27
Karan Darra,2.36
Karan Gour,3.64
Karan Johar,3.64
Karan Malhotra,3.64
Karan Radhakrishna,2.74
Karan Razdan,2.39
Karan Vishwanath Kashyap,2.55
Karanjeet Saluja,3.16
Karu Pazhaniappan,3.07
Kasam Ali,2.51
Kashinath,3.47
Kashmira Shah,2.79
Kathir,3.68
Kaushal Bharati,3.26
Kaushik Ghatak,3.16
Kaushik Roy,3.4
Kaustav Narayan Niyogi,2.08
Kawal Sharma,2.79
Kedar Kapoor,3.64
Kedar Shinde,2.88
Ken Ghosh,3.02
Keshhav Panneriy,3.02
Keshu Ramsay,3.22
Ketan Anand,2.74
Ketan Desai,2.98
Ketan Mehta,3.62
Keval P. Kashyap,3.45
Kewal Misra,3.1
Khalid Akhtar,3.35
Khalid Mohamed,2.99
Khalid Y. Batliwalla,3.21
Khushboo Ranka,4.58
Khwaja Ahmad Abbas,3.8
Kidar Nath Sharma,3.99
Kiran Ramsay,2.74
Kiran Rao,3.78
Kireet Khurana,3.52
Kirti Kumar,2.89
Kishan Shah,4.25
Kishan Shrikanth,3.87
Kishore Kumar,4.03
Kishore Sahu,3.62
Kishore Vyas,2.37
Kislay,4.2
Kodanda Rami Reddy A.,3.36
Kodi Ramakrishna,3.18
Kolli Pratyagatma,3.54
Komal Tolani,4.53
Kompin Kemgumnird,3.26
Konkona Sen Sharma,4.01
Kookie Gulati,2.9
Kranthi Kumar,3.64
Kranti Kanadé,3.82
Krishan Chopra,3.42
Krishan Hooda,3.68
Krishna D.K.,3.57
Krishna Naidu,3.26
Krishna Shah,3.52
Krishna Vamsi,3.37
Krishnadev Yagnik,3.92
Krishnakant Pandya,2.93
Kshitij Sharma,3.96
Kuku Kohli,2.94
Kumaar Aadarsh,2.77
Kumar Anand,2.5
Kumar Bhatia,2.74
Kumar Dave,3.68
Kumar Raj,3.07
Kumar Shahani,3.71
Kunaal Roy Kapur,3.68
Kunal Deshmukh,3.33
Kunal Kohli,2.97
Kunal Shivdasani,2.22
Kunal Vijaykar,1.8
Kundan Kumar,2.57
Kundan Shah,3.06
Kuntaa Nikkil,3.87
Kushal Ruia,3.64
Kushal Srivastava,3.12
Kushan Nandy,3.38
L.V. Prasad,3.51
Lakhwinder Shabla,2.51
Lakshmikanth Chenna,3.68
Lalit Marathe,3.26
Lalit Mohan,2.79
Lasse Hallström,3.92
Lateef Binny,2.86
Latif Faiziyev,3.26
Latif Khan,2.69
Lawrence D'Souza,2.7
Lawrence Raghavendra,1.61
Laxman Utekar,3.45
Leena Yadav,3.14
Lekh Tandon,3.66
Lekhraj Bhakri,3.35
Leslee Udwin,4.34
Lom Harsh,2.93
Lovely Singh,2.18
Luke Kenny,2.13
Luv Ranjan,3.8
M. Kumar,3.78
M. Sadiq,3.62
M.A. Thirumugham,3.64
M.F. Hussain,3.12
M.I. Dharamsey,3.73
M.K. Burman,3.92
M.L. Anand,4.11
M.M. Baig,3.16
M.R. Shahjahan,3.09
M.S. Ramesh,3.73
M.S. Sathyu,3.94
M.V. Raman,3.24
Madan Mohla,3.12
Madan Sinha,3.96
Madhu M.,3.73
Madhur Bhandarkar,3.32
Madhureeta Anand,3.36
Mahaveer Shringi,3.26
Mahender Singh,2.88
Mahendra Shah,2.04
Mahendra Teredesai,2.79
Mahesh Anand,3.31
Mahesh Babu,3.73
Mahesh Bhatt,3.19
Mahesh Dattani,3.54
Mahesh Kaul,3.62
Mahesh Kodiyal,3.64
Mahesh Kothare,3.64
Mahesh Manjrekar,3.22
Mahesh Mathai,3.82
Mahesh Nair,2.36
Mahesh Tillekar,2.36
Majid Majidi,3.78
Major Sundarrajan,3.68
Makrand Deshpande,2.76
Mama,2.93
Manan Katohora,2.79
Manav Bhalla,3.31
Manav Kaul,4.11
Mandeep Kumar,3.21
Mandi Burman,3.31
Maneej Premnath,3.31
Maneesh Sharma,3.57
Mangal Chakravarty,2.84
Mangesh Hadawale,3.31
Mani Kaul,3.83
Mani Ratnam,3.79
Mani Shankar,3.17
Manik Chatterjee,3.62
Manika Sharma,3.16
Manikya Raju,4.2
Maninder Chana,3.21
Manish Acharya,3.78
Manish Gupta,3.2
Manish Harishankar,2.67
Manish Jha,3.85
Manish Khandewal,2.51
Manish Manikpuri,3.02
Manish Saini,4.15
Manish Sharma,1.85
Manish Srivastav,2.17
Manish Tiwary,3.19
Manish Vatssalya,2.77
Manivannan,3.21
Manjari Makijany,3.59
Manjeet Singh,3.49
Manmohan Desai,3.56
Manmohan Krishna,3.31
Manmohan Singh,2.88
Manobala,2.27
Manoj Adhikari,3.68
Manoj Agrawal,2.69
Manoj Amarnani,3.02
Manoj J. Bhatia,2.74
Manoj K. Jha,3.73
Manoj Kumar,3.5
Manoj Sharma,3.06
Manoj Shidheshwari Tiwari,2.85
Manoj Singh,2.46
Manoj Tyagi,2.74
Mansoor Khan,3.88
Manu Rewal,2.69
Manu Warrier,3.26
Maqbool Khan,2.38
Marco Hülser,4.34
Marina Libik,3.45
Marion Rodrigues,2.41
Mark Ratering,2.51
Maruti,3.64
Master Bhagwan,3.54
Mazhar Kamran,3.68
Mazhar Khan,3.35
Meenal Dixit,4.72
Meera Jasmine,3.26
Megan Doneman,4.06
Megastar Maharishi Aazaad,3.16
Megha Ramaswamy,3.02
Meghna Gulzar,3.43
Mehboob Khan,3.78
Mehmood,3.48
Mehul Kumar,2.94
Meneka Das,3.4
Meraj,3.8
Michael Winterbottom,3.31
Mikhil Musale,3.4
Milan Luthria,3.2
Milann Ajmera,2.93
Milap Zaveri,2.31
Milind Dhaimade,4.15
Milind Gadagkar,1.99
Milind Rau,3.68
Milind Ukey,3.21
Mira Nair,4.11
Mitali Ghoshal,3.35
Mitra Sen,4.34
Mohammed Hussain,3.3
Mohammed Israr Ansari,2.18
Mohan Babu,3.89
Mohan Bhakri,2.54
Mohan J. Bijlani,3.71
Mohan Kavia,4.06
Mohan Kumar,3.39
Mohan Savalkar,2.84
Mohan Segal,3.6
Mohan Sharma,1.94
Mohan Singh Rathor,3.16
Mohan Sinha,3.87
Mohana Krishna Indraganti,3.73
Mohanji Prasad,2.58
Mohit Goswami,3.31
Mohit Hussein,3.4
Mohit Suri,3.37
Mohit Takalkar,3.26
Mohsen Makhmalbaf,3.31
Moni Bhattacharjee,3.49
Moosa Saleem,4.02
Moti B. Gidwani,3.78
Mozez Singh,3.35
Mrighdeep Lamba,3.24
Mrinal Sen,3.85
Mrityunjay Devvrat,3.64
Muazzam Beg,3.82
Mudassar Aziz,2.94
Mukesh Chhabra,3.59
Mukesh Duggal,3.07
Mukhtar Ahmed,1.85
Mukul Abhyankar,3.7
Mukul Anand,3.52
Mukul Dutt,3.32
Munindra,1.75
Munish Bhardwaj,3.12
Munni Pankaj,4.91
Muppalaneni Siva,3.12
Murali Nair,3.21
Murugan Kumaran,2.98
Mustafa Engineer,3.64
Muzaffar Ali,3.33
N. Chandra,3.39
N. Linguswamy,3.73
N. Maharajan,2.79
N. Narasimharao,3.68
N. Ragavan,2.98
N.D. Kothari,2.13
N.K. Vishwanathan,3.92
N.M. Kelkar,4.25
N.S. Raj Bharath,3.02
N.T. Rama Rao,4.02
Nabendu Ghosh,3.92
Nabh Kumar 'Raju',2.91
Nachiket Samant,4.11
Nadeem Khan,2.84
Naeem Sha,2.46
Naeem Siddiqui,3.45
Nag Ashwin,2.84
Nagesh Bhonsle,3.92
Nagesh Kukunoor,3.77
Nakul Singh Sawhney,3.64
Naman Nitin Mukesh,3.02
Nana Kldiashvili,4.06
Nanabhai Bhatt,3.01
Nanda Anand,3.31
Nandakishore,3.4
Nandita Das,3.96
Nandlal Jaswantlal,3.65
Narayan Chauhan,4.29
Narayan k Sahu,2.98
Narayana Rao Dasari,3.12
Narendra Bedi,3.46
Narendra Singh,4.53
Narendra Suri,3.82
Naresh Kumar,3.3
Naresh Lalwani,2.98
Naresh Malhotra,2.67
Naresh Saigal,3.54
Naseeruddin Shah,3.54
Nasir Hussain,3.72
Nassar,3.35
Navaniat Singh,3.07
Navdeep Singh,3.95
Navin Batra,1.38
Navjot Gulati,2.18
Navneet Behal,2.55
Neelam r Singh,4.29
Neelu Arora,3.49
Neeraj Ghaywan,3.84
Neeraj Pandey,3.99
Neeraj Pathak,2.68
Neeraj Udhwani,3.21
Neeraj Vora,2.93
Neerav Ghosh,3.82
Neil Biswas,3.12
Nemom Pushparaj,1.99
Neshu Saluja,4.06
Nicholas Kharkongor,3.78
Nicholas Meyer,3.35
Nicolas Chevaillier,2.98
Nikhil Bhat,3.68
Nikhil Mahajan,3.82
Nikhil Mahar,4.86
Nikhil Pherwani,3.87
Nikkhil Advani,3.22
Nila Madhab Panda,3.87
Nilay Dave,4.06
Niren Lahiri,3.92
Nisar Ahmad Ansari,3.21
Nishikant Kamat,3.95
Nishil Sheth,3.68
Nishtha Jain,4.01
Nitesh Tiwari,4.24
Nitin Bose,3.91
Nitin Chandra,3.64
Nitin Gupta,4.06
Nitin Kakkar,3.84
Nitin Manmohan,2.55
Nitin Raghunath,3.64
Nitya Mehra,2.98
Nupur Asthana,3.4
O.P. Dutta,3.59
O.P. Goyle,3.21
O.P. Ralhan,3.72
Om Prakash,3.64
Om Raut,4.06
Om Sai Prakash,3.12
Omung Kumar,3.13
Onir,3.45
Onkar Nath Mishra,3.02
Ovais Khan,2.55
P. Madhavan,3.42
P. Pullaiah,4.48
P. Sambasiva Rao,3.68
P. Satya,3.49
P. Vasu,2.69
P.A. Arun Prasad,3.19
P.C. Barua,3.4
P.L. Santoshi,3.76
Pa. Ranjith,3.52
Pachhi,3.5
Padam Kumar,2.51
Padmakumar Narasimhamurthy,4.29
Pamela Rooks,3.64
Pammi Somal,2.79
Pan Nalin,3.88
Pankaj Advani,2.93
Pankaj Johar,4.2
Pankaj Kapur,2.69
Pankaj Parashar,3.19
Pankaj Saraswat,3.12
Pankaz Singh Tanwar,2.6
Pappu Verma,3.08
Param Gill,3.12
Parasuram,2.74
Pardeep Raja,2.69
Paresh Vinodray Savani,3.81
Paritosh Painter,2.46
Parmeet Sethi,3.31
Parth Sharma,4.67
Partho Ghosh,2.77
Partho Mitra,2.93
Partho Sen-Gupta,3.4
Parvati Balagopalan,3.35
Parvati Menon,4.06
Parvin Dabas,2.74
Parvinder Singh Wraich,4.58
Pavan Kaul,2.72
Pavan Kumar,3.16
Pavithran,2.88
Pawan Gill,2.6
Pawan Kripalani,3.1
Pawan Kumar Sharma,3.54
Pawan k Shrivastava,3.59
Perarasu,1.8
Phani Majumdar,3.78
Pia Sukanya,2.6
Piyush Bose,4.34
Piyush Dinker Pandya,3.59
Piyush Jha,3.49
Piyush Kumar,2.6
Pon Kumaran,3.87
Pooja Bhatt,2.5
Prabhakar Meena Bhaskar Pant,3.4
Prabhakar Shukla,3.21
Prabhas,3.92
Prabhat Khanna,2.46
Prabhat Kumar,3.64
Prabhat Roy,3.44
Prabhat Sachdeva,4.29
Prabhu Deva,2.54
Prabhu Rathod,4.01
Prabhuraj,3.12
Prabu Solomon,4.76
Pradeep Kumawat,2.84
Pradeep Maini,2.51
Pradeep Sarkar,3.37
Pradip Jain,2.51
Pradip Krishen,3.87
Praful Tiwari,2.36
Prahlad Sharma,3.07
Prajact Rebeloma,3.92
Prakash Arora,4.25
Prakash Jha,3.56
Prakash Kovelamudi,3.26
Prakash Mehra,3.35
Prakash Nambiar,3.16
Prakash Saini,2.27
Prakash Verma,3.02
Pramod Chakravorty,3.46
Pramod Joshi,3.73
Pramod Mandloi,1.28
Pranav Singh,3.16
Prashamit Chaudhury,3.49
Prashant Bhargava,3.4
Prashant Chadha,2.01
Prashant Gore,3.07
Prashant Nair,3.5
Prashant Nanda,4.06
Prashant Singh,2.55
Prateek Chakravorty,3.4
Prateek Vats,3.96
Prathap Pothen,3.71
Pratik Mittal,4.44
Praveen Kumar,3.16
Praveen Morchhale,3.36
Praveenkanth,3.35
Pravesh Bhardwaj,2.46
Pravin Bhatt,3.73
Prawaal Raman,3.1
Prayag Raj,3.32
Prem,3.92
Prem Lalwani,2.39
Prem Narayan Arora,3.76
Prem Prakash,3.64
Prem Prakash Modi,4.44
Prem Sagar,3.54
Prem Soni,2.22
Prerna Wadhawan,2.41
Prithvi Konanur,4.25
Prithviraj Sukumaran,4.01
Pritish Chakraborty,3.35
Priya Krishnaswamy,3.92
Priyadarshan,3.45
Priyanka Singh,3.92
Prosit Roy,3.59
Pryas Gupta,3.59
Puja Bedi,1.56
Pulkit,2.88
Punarvasu Naik,3.73
Puneet Issar,3.07
Puneet Khanna,3.16
Puneet Sira,2.84
Punit Malhotra,2.48
Puri Jagannadh,2.98
Pushan Kripalani,3.92
Pushkar Mahabal,4.01
Pushpdeep Bhardwaj,3.31
Pushpendra Nath Misra,3.07
Pushpendra Singh,3.64
Qasim Khallow,3.78
Qaushiq Mukherjee,2.81
R. Balki,3.73
R. Bhattacharya,2.74
R. Krishnamurthy,3.67
R. Krishnan,3.68
R. Madhesh,2.88
R. Mittal,3.33
R. Thyagaraajan,3.26
R.C. Talwar,3.76
R.K. Nayyar,3.67
R.K. Rakhan,4.15
R.K. Selvamani,3.78
R.N.R. Manohar,3.31
R.P. Swamy,2.51
R.S. Prasanna,3.73
Raaghav Dar,2.98
Raaj Shaandilyaa,3.78
Raajeev Walia,1.33
Raam Shetty,2.67
Rabi Kinagi,3.16
Rabindra Dharmaraj,3.68
Rackhee Sandilya,3.73
Radha Krishna Jagarlamudi,3.48
Radhika Rao,2.91
Radhu Karmakar,3.96
Raghav Jairath,4.86
Raghunath Jhalani,3.54
Raghuraj,3.21
Raghuram,3.45
Raghuvir Kul,2.98
Rahat Kazmi,2.87
Rahi Anil Barve,4.39
Rahul Aggarwal,3.35
Rahul Bhole,4.44
Rahul Bose,3.7
Rahul Dahiya,4.39
Rahul Dholakia,3.32
Rahul Kumar Shukla,2.84
Rahul Rawail,3.01
Rahul Shanklya,3.82
Raj Amit Kumar,2.88
Raj Bharat,3.35
Raj Kanwar,2.79
Raj Kapoor,3.84
Raj Kaushal,2.79
Raj Khosla,3.58
Raj Kumar Gupta,3.55
Raj Mehta,3.73
Raj N. Sippy,2.92
Raj Pendurkar,2.65
Raj Purohit,3.12
Raj Rishi,3.78
Raj Shetty,2.93
Raj Singh Chaudhary,3.31
Raj Tilak,3.62
Raja Bundela,3.4
Raja Chanda,2.98
Raja Menon,3.55
Raja Nawathe,3.72
Raja Sen,2.79
Raja Thakur,3.4
Rajan Johri,3.03
Rajan Khosa,3.76
Rajan Kothari,3.82
Rajan Kumar Patel,3.07
Rajan Waghdhare,2.69
Rajasekar,3.87
Rajasekhar,2.98
Rajashekhar,3.26
Rajat Bhardwaj,4.86
Rajat Kapoor,3.63
Rajat Kumar Chaturvedi,4.58
Rajat Mukherjee,2.82
Rajat Rakshit,3.65
Rajat Rawail,2.13
Rajatesh Nayyar,3.21
Rajeev Bhatia,3.21
Rajeev Chaudhari,1.8
Rajeev Jhaveri,2.69
Rajeev Kumar,2.69
Rajeev Nagpal,2.98
Rajeev Virani,2.6
Rajendra Bhatia,3.68
Rajendra Kumar,3.54
Rajendra Prasad V.B.,2.22
Rajendra Singh 'Atish',3.87
Rajesh Babbar,3.73
Rajesh Bachchani,3.45
Rajesh Bajaj,1.38
Rajesh Bhatt,2.88
Rajesh Ganguly,3.64
Rajesh Hans,3.78
Rajesh Krishnan,4.06
Rajesh Kumar Singh,1.99
Rajesh Mapuskar,3.49
Rajesh Pandey,1.75
Rajesh Pillai,3.64
Rajesh Ram Singh,2.55
Rajesh Ranshinge,2.46
Rajesh Seth,2.93
Rajesh Shera,3.59
Rajesh Vakil,3.45
Rajesh. K.,3.54
Rajiev Dhingra,3.92
Rajinder Singh Bedi,3.87
Rajiv Babbar,2.93
Rajiv Chilaka,3.26
Rajiv Dhingra,2.55
Rajiv Kapoor,3.16
Rajiv Mehra,3.3
Rajiv Rai,3.22
Rajiv S. Ruia,2.41
Rajkumar,4.53
Rajkumar Hirani,4.28
Rajkumar Kohli,2.86
Rajkumar Santoshi,3.67
Rajni Basumatary,4.25
Rajnish Thakur,2.08
Rajpal Yadav,3.02
Rajsekhar,2.84
Rajshree Ojha,2.84
Raju Desai,3.31
Raju Khan,2.18
Raju Mavani,2.55
Raju Subramaniam,2.36
Raka,3.26
Rakesh Bedi,1.47
Rakesh Chaturvedi Om,3.1
Rakesh Kumar,3.26
Rakesh Mehta,2.98
Rakesh Parmaar,3.64
Rakesh Prasad,3.87
Rakesh Ranjan Kumar,2.13
Rakesh Roshan,3.32
Rakesh Sarang,2.27
Rakesh Sawant,3.38
Rakeysh Omprakash Mehra,3.53
Ram Daryani,3.49
Ram Dayal,3.59
Ram Gopal Varma,3.07
Ram Govind,3.07
Ram Kamal Mukherjee,3.54
Ram Kamlani,3.26
Ram Madhvani,4.06
Ram Maheshwari,3.34
Ram Mukherjee,3.9
Ram P. Sethi,3.16
Ram Ramesh Sharma,3.82
Rama Rao Tatineni,3.02
Raman Kumar,2.66
Ramana,2.27
Ramanand Sagar,3.62
Ramanarayanan,2.32
Ramanlal Desai,2.74
Ramanna,3.31
Ramanna T.R.,2.74
Ramesh Ahuja,2.97
Ramesh Behl,3.44
Ramesh Lakhanpal,3.59
Ramesh Modi,2.81
Ramesh Puri,2.6
Ramesh Saigal,3.83
Ramesh Sippy,3.36
Ramesh Talwar,3.53
Ramin Bahrani,3.82
Ramkishan Choyal,4.62
Ramkumar Shedge,4.25
Ramu Kariat,4.11
Randeep Jha,3.82
Randhir Kapoor,3.51
Ranga B.S.,3.78
Rani Mukerji,2.32
Ranjan Bose,2.65
Ranjan Chandel,3.87
Ranjeet,3.02
Ranjit Kapoor,3.31
Ranjit Tewari,3.4
Rasool Ellore,3.12
Ratan Sil Sarma,3.68
Ratnaa Sinha,4.06
Ravi Adhikari,3.92
Ravi Chopra,3.35
Ravi Dewan,2.46
Ravi Godse,4.11
Ravi Jadhav,2.79
Ravi K. Chandran,2.13
Ravi Kapoor,3.02
Ravi Kumar,3.87
Ravi Rai,3.21
Ravi Raja,3.02
Ravi Raja Pinisetty,3.17
Ravi Sharma Shankar,2.18
Ravi Tandon,3.53
Ravi Udyawar,3.92
Ravi Varma,3.21
Ravichandran,2.9
Ravikant Nagaich,3.53
Ravinddra Khare,2.04
Ravindra Dave,3.53
Ravindra Gautam,3.31
Ravindra Peepat,2.77
Reema Kagti,3.71
Reema Rakesh Nath,2.98
Rehman Naushad,2.98
Remo D'Souza,2.43
Remy Kohli,3.59
Renuka Shahane,3.35
Renzil D'Silva,3.16
Revathi,3.52
Ribhu Dasgupta,3.15
Richard Attenborough,4.25
Richie Mehta,3.92
Rikhil Bahadur,3.26
Rima Das,3.68
Rishi Kapoor,3.07
Rishi Prakash Mishra,3.21
Ritam Srivastav,3.92
Ritesh Batra,3.94
Ritesh Menon,3.62
Rituparno Ghosh,3.8
Robbie Grewal,3.58
Robert Lieberman,3.16
Robin Khosla,3.64
Rohan Sippy,3.3
Rohena Gera,4.11
Rohit Arora,4.58
Rohit Dhawan,3.02
Rohit Dwivedi,4.29
Rohit Jugraj,2.68
Rohit Kaushik,3.4
Rohit Krishnakant Nayyar,2.53
Rohit Manash,2.55
Rohit Mittal,3.26
Rohit Philip,3.82
Rohit Shetty,3.18
Rohit Vaid,4.11
Roland Joffé,2.65
Romesh Sharma,3.38
Romilla Mukherjee,3.4
Rosauro Adorable,3.07
Roshan Abbas,2.36
Ruchi Narain,3.16
Ruchika Oberoi,3.64
Rumi Jaffery,2.53
Rupali Guha,3.21
Rupesh Paul,3.64
S Krishna,3.49
S. Ali Raza,3.68
S. Bannerjee,3.65
S. Deepak,2.69
S. Khalil,3.92
S. Manasvi,2.98
S. Narayan,4.08
S. Ram Sharma,3.82
S. Ramanathan,3.56
S. Shankar,3.85
S. Soni,2.46
S. Sukhdev,3.73
S. Sunil,4.72
S.A. Akbar,3.38
S.A. Chandrashekhar,2.93
S.A. Kader,3.16
S.D. Narang,3.68
S.J. Suryah,2.55
S.K. Ojha,4.01
S.K. Subash,2.71
S.M. Abbas,3.8
S.M. Sagar,3.19
S.N. Tripathi,3.21
S.P. Muthuraman,3.43
S.R. Puttana Kanagal,3.82
S.S. Balan,3.7
S.S. Ravichandra,3.07
S.S. Vasan,3.75
S.U. Sunny,3.89
S.U. Syed,2.41
S.V. Krishna Reddy,3.54
S.V. Rajendra Singh Babu,3.05
Saad Khan,4.01
Saahil Prem,2.88
Saandesh Nayak,2.55
Saawan Kumar Tak,2.86
Sabal Singh Shekhawat,3.4
Sabir,2.46
Sabir Khan,2.57
Sabyasachi Mohapatra,4.2
Sachin Bajaj,2.04
Sachin Bhowmick,3.64
Sachin Gupta,2.62
Sachin Kamlakar Khot,2.22
Sachin Kundalkar,2.55
Sachin P. Karande,3.7
Sachin Pilgaonkar,3.18
Sachin Yardi,3.12
Sachindra Sharma,1.24
Sadaqat Hussein,2.32
Sadashiv Amrapurkar,3.78
Sadashiv J. Row Kavi,3.26
Sadhana,3.73
Saeed Akhtar Mirza,3.88
Safdar Rahman,3.54
Sagar Ballary,3.1
Sagar Pathak,4.39
Sagar Sarhadi,3.7
Saheem Khan,3.21
Sahil Sangha,3.21
Sai Kabir,2.6
Sai Paranjape,3.99
Saif Baidya,4.01
Sajid,2.72
Sajid Ali,4.15
Sajid Khan,2.39
Sajid Nadiadwala,2.98
Sajit Warrier,2.55
Saket Chaudhary,3.65
Saket S. Behl,3.82
Salim Raza,1.75
Samar Iqbal,3.07
Samar Khan,3.0
Sameer Hanchate,3.87
Sameer Joshi,3.45
Sameer Khan,2.38
Sameer Malkan,2.96
Sameer Sharma,3.59
Sameer Sippy,2.36
Sameer Thahir,4.11
Sami Khan,4.01
Samir Ganguly,3.67
Samir Joshi,3.4
Samir Karnik,2.85
Samir Soni,3.07
Samir Tewari,2.18
Samit Basu,3.07
Samit Kakkad,3.02
Samudra V.,2.32
Sanal Kumar Sasidharan,3.78
Sanamjit Singh Talwar,2.93
Sandeep A. Varma,3.87
Sandeep Chatterjee,2.04
Sandeep Mohan,3.87
Sandeep Pandey,3.68
Sandeep Reddy Vanga,3.82
Sandip Ray,4.2
Sangeeth Sivan,2.57
Sanghamitra Chaudhuri,3.54
Sanjay Amar,3.24
Sanjay Bhatia,2.74
Sanjay Chhel,2.3
Sanjay D. Singh,3.35
Sanjay Dayma,3.64
Sanjay F. Gupta,3.07
Sanjay Gadhvi,2.99
Sanjay Gupta,3.05
Sanjay Jadhav,3.26
Sanjay Jha,3.4
Sanjay Khan,3.29
Sanjay Khanna,2.74
Sanjay Leela Bhansali,3.83
Sanjay M. Khanduri,3.19
Sanjay Patel,3.92
Sanjay Puran Singh Chauhan,4.04
Sanjay Sharma,2.72
Sanjay Soorkar,3.45
Sanjay Talreja,3.45
Sanjay Tripathy,3.92
Sanjay Zaveri,1.94
Sanjeev Gupta,3.31
Sanjeev Kumar Rajput,3.64
Sanjeev Puri,2.6
Sanjeev Reddy,3.35
Sanjeev Sharma,3.16
Sanjib Dey,3.54
Sanjiv Jaiswal,3.1
Sanjivan Lal,3.92
Sanjoy Nag,3.56
Sankalp Reddy,4.06
Sanoj Mishra,3.67
Santosh Sivan,3.81
Santram Varma,2.93
Sapna Bhavnani,4.86
Saran,3.58
Sarath Babu,3.59
Sardar Talukdar,2.84
Sareesh Sudhakaran,3.49
Sarita Khurana,3.73
Sarmad Khan,2.6
Sartaj Singh Pannu,3.52
Sarthak Dasgupta,3.42
Sathya Prabhas Pinisetty,3.59
Sathyan Anthikad,4.06
Satish Kasetty,3.68
Satish Kaushik,2.84
Satish Nigam,3.59
Satish Rajwade,3.16
Satpal,3.31
Sattwik Mohanty,3.92
Satyajit Bhatkal,3.44
Satyajit Ray,3.99
Satyanarayana,3.16
Satyen Bose,3.86
Saumyy Shivhare,4.39
Saurab Narang,2.84
Saurabh Gulab Rao,4.48
Saurabh Kabra,2.46
Saurabh Shukla,2.98
Saurabh Varma,3.24
Savin Tuscano,3.02
Seema Bhargava,4.06
Seema Kapoor,2.74
Sekhar Suri,3.68
Sekhar Surya,4.29
Selva,2.18
Seshu Kmr,3.59
Shaad Ali,3.12
Shadaab Mirza,2.88
Shadab Ahmad,4.72
Shadab Khan,2.36
Shafi Inamdar,3.45
Shahab Shamsi,2.69
Shaheed Latif,3.76
Shahrukh Mirza,3.16
Shahrukh Sultan,3.64
Shailendra Shukla,3.59
Shailendra Singh,3.54
Shailesh Verma,2.69
Shakeel Noorani,2.53
Shakir Khan,3.68
Shakirul Alam,4.01
Shakti,4.34
Shakti Samanta,3.6
Shakun Batra,3.23
Shamin Desai,2.22
Shammi,3.35
Shammi Chhabra,2.88
Shammi Kapoor,3.65
Shamshad Pathan,2.32
Shankar Addi Mehra,4.01
Shankar Mukherjee,3.74
Shankaraiya,2.88
Shanker Raman,3.54
Shankhadeep,2.22
Shantanu Anant Tambe,2.13
Shantaram Rajaram Vankudre,3.79
Shantilal Soni,3.39
Sharad Sharan,2.65
Sharan Sharma,2.98
Sharat Katariya,3.76
Sharique Minhaj,3.68
Shashank Khaitan,3.09
Shashank Kumar,4.06
Shashank Udapurkar,2.79
Shashanka Ghosh,3.15
Shashant Shah,3.6
Shashi Kapoor,2.98
Shashi Ranjan,2.04
Shashi Sudigala,3.35
Shashilal K. Nair,3.05
Shatilal Soni,4.39
Shatrujit Paul,3.35
Shaukat Hussain Rizvi,4.01
Shaurya Singh,3.68
Shawn Arranha,2.08
Sheershak Anand,2.44
Shefali Bhushan,3.4
Shekhar Ghosh,2.51
Shekhar Kapur,4.22
Shekhar S. Jha,3.66
Shekhar Sirrinn,2.98
Shekhar Suman,2.88
Shekkhar Suri,3.68
Shelly Chopra Dhar,3.07
Sher Jung Singh,2.79
Shibu Mitra,3.01
Shiladitya Moulik,3.54
Shilpa Ranade,3.78
Shilpi Dasgupta,2.36
Shimit Amin,4.17
Shirish Kunder,2.57
Shiv Hare,4.34
Shiv Kumar,2.52
Shiv Sahni,3.54
Shiva,2.74
Shiva Shakti Datta,2.51
Shivajee Chandrabhushan,3.82
Shivaji Lotan Patil,3.21
Shivakumar,3.07
Shivam Nair,3.5
Shivendra Singh Dungarpur,4.15
Shivram Yadav,2.82
Shlok Sharma,3.32
Shomu Mukherjee,2.88
Shona Urvashi,2.95
Shonali Bose,3.95
Shoojit Sircar,4.01
Shrabani Deodhar,2.41
Shravankumar Tiwari,2.98
Shree Narayan Singh,3.37
Shrey Srivastava,2.25
Shreyas Talpade,3.02
Shrikant Sharma,2.55
Shripal Morakhia,2.51
Shriram,2.98
Shubh Mukherjee,2.79
Shubham Singh,3.07
Shubhashish Bhutiani,3.82
Shuja Ali,2.88
Shujaat Saudagar,2.84
Shukla Barnali Ray,2.51
Shyam Benegal,3.89
Shyam Madiraju,4.11
Shyam Ralhan,2.98
Shyam Ramsay,3.05
Sibte Hassan Rizvi,3.16
Siddharth Anand,3.29
Siddharth Anand Kumar,3.45
Siddharth Malhotra,3.56
Siddique,2.69
Sidharth Srinivasan,3.33
Sikandar Khanna,3.61
Sikander Bharti,2.52
Simi Garewal,3.87
Singeetam Srinivasa Rao,3.42
Sisir Misra,2.6
Sisir. P. Mishra,2.69
Siva,3.02
Smeep Kang,2.48
Sneha Taurani,3.31
Snehashish Mondal,4.67
Sohail Khan,2.8
Sohail Tatari,3.32
Soham Shah,2.7
Sohan Roy,2.04
Sohanlal Kanwar,3.15
Sohrab Modi,3.87
Sonam Nair,3.12
Soni Razdan,2.32
Sooni Taraporevala,4.06
Sooraj R. Barjatya,3.31
Soumendra Padhi,4.06
Soumik Sen,3.06
Soumitra Ranade,3.14
Sourabh Shrivastav,3.02
Sourabh Shrivastava,3.22
Sreenu Vaitla,3.02
Sridhar Rangayan,3.56
Srijit Mukherji,3.64
Srikanth Velagaleti,3.31
Srinivas Bhashyam,2.78
Srinivas Sunderrajan,3.16
Srinivasa Rao Jonnalagadda,2.6
Sriram Raghavan,3.88
Sriramulu Naidu S.M.,3.87
Stanley D'Costa,1.33
Stanley Joseph,3.96
Steven Spielberg,3.49
Subhankar Ghosh,4.25
Subhash Agrawal,4.11
Subhash Ghai,3.41
Subhash Kapoor,3.49
Subhash Sehgal,2.58
Subhash Sonik,2.69
Subodh Mukherji,3.65
Subodh Nagdeve,4.2
Subroto Paul,2.32
Sudarshan Nag,2.88
Sudeep,3.54
Sudesh Issar,4.11
Sudha Kongara,4.41
Sudhanshu Saria,3.21
Sudharshan Lal,1.85
Sudhendu Roy,3.73
Sudhir Mishra,3.65
Sudhish Kumar Sharma,2.79
Sudip Bandyopadhyay,3.45
Sudipto Chattopadhyay,2.22
Suhaib Ilyasi,4.15
Suhas Kadav,3.64
Suhasini,3.78
Sujeet Kumar,4.25
Sujoy Ghosh,3.42
Sukhwant Dhadda,3.82
Sukumar Nair,3.68
Sultan,1.8
Sultan Ahmed,3.05
Suman Ganguli,3.16
Suman Ghosh,4.06
Sumeer Sabharwal,1.38
Sumnash Sri Kaljai,3.45
Sunaina Bhatnagar,3.21
Sunanda Mitra,2.6
Sundar C.,2.96
Sundeep Malani,2.46
Sunder Dar,3.26
Sunder Pal,3.4
Suneel Darshan,2.42
Suneet Arora,2.32
Suneil Anand,2.74
Sunhil Sippy,2.5
Sunil Agnihotri,2.44
Sunil Dutt,3.69
Sunil Hingorani,2.98
Sunil K. Reddy,2.55
Sunil Kumar Desai,3.45
Sunil Pal,2.51
Sunil Sanjan,2.88
Sunil Shah,3.21
Sunil Sharma,2.6
Sunil Sikand,2.69
Sunil Subramani,3.02
Sunil Tiwari,2.84
Sunny Bhambhani,2.98
Sunny Deol,3.03
Suparn Varma,2.76
Supavitra Babul,2.41
Suraj Joshi,4.39
Suraj Prakash,3.39
Surender Reddy,3.12
Surendra Kumar Bohra,2.79
Surendra Mohan,3.27
Suresh,2.6
Suresh Bafna,3.96
Suresh Krishna,3.15
Suresh Triveni,3.78
Surindara Suri,3.16
Surya Lakkoju,1.61
Surya Prakash,2.32
Sushen Bhatnagar,2.79
Sushikailash,2.84
Sushil Majumdar,3.54
Sushil Malik,3.02
Sushil Rajpal,3.92
Sushil Vyas,2.93
Sushma Shiromani,1.94
Sushmit Ghosh,4.29
Susi Ganesan,1.56
Suvahhdan Angre,3.73
Suvendu Ghosh,2.46
Suzad Iqbal Khan,2.08
Swapan Saha,3.12
Swapna Joshi,2.36
Swaroop Kanchi,4.11
Swaroop Kumar,2.46
Syed Ahmad Afzal,3.51
T. Prakash Rao,3.64
T.L.V. Prasad,2.73
T.R. Sundaram,2.84
T.S. Ranga,3.68
Tabrez Hashmi,2.13
Tabrez Noorani,3.96
Tahir Hussain,2.69
Talat Jani,2.74
Tannishtha Chatterjee,4.15
Tanuj Bhramar,2.98
Tanuja Chandra,3.21
Tanushri Chattrji Bassu,3.45
Tanveer Hashmi,2.83
Tanveer Khan,2.59
Tanvir Ahmad,2.18
Tanvir Ahmed,2.74
Tapan Sinha,3.95
Tapi Chanakya,3.47
Tara Harish,3.82
Taranjiet Singh Namdhari,3.82
Taranveer Singh,2.6
Tariq Khan,2.88
Tariq Shah,2.52
Tarun Madan Chopra,3.59
Tarun Majumdar,3.8
Tarun Mansukhani,2.84
Tarun s Bisht,3.02
Teja,2.32
Terrie Samundra,2.08
Thampi Kannanthanam,3.45
Thiru,3.07
Tigmanshu Dhulia,3.51
Tilak Shetty,4.15
Tinnu Anand,3.49
Tinnu Verma,2.06
Tom Alter,4.81
Tonje Gjevjon,3.45
Tony Juneja,2.27
Trilok Jetley,3.78
Tulsi Ramsay,3.35
Tushar Hiranandani,4.11
Tushar Waghela,3.54
Udai Singh Pawar,3.64
Uday Shankar,3.26
Udayshankar,2.74
Udyakanth,2.18
Ujjwal Chatterjee,2.46
Ujjwal Singh,3.45
Umesh Bist,2.88
Umesh Ghadge,1.38
Umesh Mehra,3.01
Umesh Shukla,3.41
Umesh Vinayak Kulkarni,3.87
Utpal Kalal,4.81
Utpalendu Chakrabarty,4.01
V. Gowthaman,3.31
V. Joshi,2.84
V. Madhusudan Rao,3.56
V. Menon,2.46
V. Nagendra Prasad,3.87
V. Ravichandran,3.31
V.C. Guhanathan,2.84
V.C. Ramani,2.88
V.G. Samant,4.06
V.K. Choudhary,3.78
V.K. Prakash,3.21
V.K. Singh,3.26
V.M. Vyas,4.08
V.N. Aditya,2.98
V.V. Vinayak,3.68
Vaibhav Misra,2.6
Van Maximilian Carlson,4.25
Vandana Kataria,3.21
Vara Mullapoodi,2.79
Varadraj Swami,3.59
Varun Middha,2.51
Vasan Bala,3.87
Vasant Joglekar,3.12
Vasant R. Patel,2.46
Ved Rahi,3.44
Veerendra,3.02
Veerendranath Yandamoori,3.4
Venkatesh Bk,4.86
Venod Mitra,3.54
Vetrimaaran,4.48
Vibhu Puri,3.07
Vickrant Mahajan,3.26
Vicky Bhardwaj,2.98
Vicky G.,2.08
Vicky Ranawat,3.04
Vicky Tejwani,2.46
Vidhi Kasliwal,3.92
Vidhu Vinod Chopra,3.58
Vierendrra Lalit,4.2
Vijay,3.49
Vijay Anand,3.84
Vijay B.,3.54
Vijay Bhatt,3.71
Vijay Jayapal,3.26
Vijay K. Bhaskar,3.49
Vijay Kapoor,3.59
Vijay Krishna Acharya,2.58
Vijay Kumar,2.32
Vijay Lalwani,3.82
Vijay Raaz,3.96
Vijay Ratnakar Gutte,3.31
Vijay Reddy,2.87
Vijay Sadanah,3.35
Vijay Sharma,3.56
Vijay Singh,3.12
Vijay Talwar,3.49
Vijaya Mehta,3.82
Viji Thampi,2.93
Vijit Sharma,3.35
Vikas Bahl,3.68
Vikas Desai,3.75
Vikas Khanna,4.2
Vikram Bhatt,2.76
Vikram K. Kumar,3.92
Vikram Pradhan,2.88
Vikram Veturi,3.54
Vikramaditya Motwane,4.01
Vikramjit Singh,2.04
Vimal Kumar,2.73
Vinay Shukla,3.1
Vinayan,2.33
Vineet Khetrapal,2.98
Vinil Mathew,3.68
Vinnil Markan,2.98
Vinod Dewan,3.12
Vinod K. Verma,2.6
Vinod Kamble,4.58
Vinod Kumar,3.49
Vinod Mehra,2.79
Vinod Mukhi,2.18
Vinod Pande,3.06
Vinod Talwar,3.07
Vinod Tiwari,1.94
Vipin Handa,2.69
Vipin Parashar,2.13
Vipul Amrutlal Shah,3.07
Vipul K. Rawal,4.2
Virendra Saini,3.44
Virendra Sharma,3.12
Visakh G S,2.93
Vishal Aryan Singh,2.32
Vishal Bhardwaj,3.82
Vishal Inamdar,3.02
Vishal Mahadkar,2.84
Vishal Mishra,2.81
Vishal Pandya,2.59
Vishesh Bhatt,2.79
Vishnupant Govind Damle,3.92
Vishram Bedekar,3.4
Vishram Sawant,3.64
Vishwa Bhanu,4.86
Vishwamitra,3.59
Vishwas Paandya,3.49
Vishwas Patil,1.56
Vishwesh Krishnamoorthy,3.96
Vivek Agnihotri,3.05
Vivek Budakoti,3.45
Vivek Sharma,3.03
Vivek b Agrawal,2.41
Wes Anderson,3.87
Willard Carroll,2.74
Wilson Louis,2.68
Xavier Agudo,3.12
Y. Eshwara Reddy,2.55
Y. Nageswara Rao,3.72
Y.P. Singh,3.35
Y.V.S. Chowdary,3.16
Yakub Hasan Rizvi,3.82
Yash Chopra,3.76
Yesudas,2.74
Yogendra Singh,4.01
Yogesh Bharadwaj,3.14
Yogesh Dattatraya Gosavi,3.96
Yogesh Ishwar,2.46
Yogesh Mittal,3.21
Yogesh Saxena,3.16
Yunus Sajawal,3.35
Yusuf Khan,2.36
Yûgô Sakô,3.68
Zaheer D. Lari,3.35
Zaid Ali Khan,3.07
Zaigham Ali Syed,3.12
Zaigham Imam,3.7
Zeishan Quadri,3.87
Zia Sarhadi,4.01
Ziaullah Khan,3.12
Zoya Akhtar,3.68
Zubair Khan,3.02
Zunaid Memon,3.49
